Horizon,Index,Model,Validation_RMSE,Validation_MAE,Validation_QLIKE,Test_RMSE,Test_MAE,Test_QLIKE
1day,^GSPC,HistoricalVolatility,0.023998190828797273,0.012393575056458234,-0.801460753412986,0.016728361823800154,0.00839878601922828,-1.0492809967619041
1day,^GSPC,Persistence,0.023998190828797273,0.012393575056458234,-0.801460753412986,0.016728361823800154,0.00839878601922828,-1.0492809967619041
1day,^GSPC,GARCH,0.041125922991104756,0.026523100033334246,-0.7894044145508845,0.028497401005142267,0.020095780778143394,-1.0386144898726024
1day,^GSPC,EGARCH,0.052318270527275,0.028338142709345367,-0.7889954320311402,0.03261152900613336,0.02103108969182075,-1.037918964638697
1day,^GSPC,GJRGARCH,0.06643516067728107,0.04129345447953856,-0.7769674107129814,0.040310582713324654,0.025398060740170442,-1.0311414910187624
1day,^GSPC,LinearRegression,0.014094807963246171,0.007443592219705393,-0.8044333107058338,0.011008472869472737,0.0056213651798605845,-1.051967505940393
1day,^GSPC,RandomForest,0.034704156157088356,0.012948495141702229,-0.8032460926860178,0.012922914196860459,0.007050860593885846,-1.0512782718208564
1day,^GSPC,XGBoost,0.03878729874405981,0.014629856512204819,-0.8024754260087803,0.014296093647179185,0.008331756719736245,-1.050336569293302
1day,^GSPC,HistoricalVolatility,0.023998190828797273,0.012393575056458234,-0.801460753412986,0.016728361823800154,0.00839878601922828,-1.0492809967619041
1day,^GSPC,Persistence,0.023998190828797273,0.012393575056458234,-0.801460753412986,0.016728361823800154,0.00839878601922828,-1.0492809967619041
1day,^GSPC,GARCH,0.041125922991104756,0.026523100033334246,-0.7894044145508845,0.028497401005142267,0.020095780778143394,-1.0386144898726024
1day,^GSPC,EGARCH,0.052318270527275,0.028338142709345367,-0.7889954320311402,0.03261152900613336,0.02103108969182075,-1.037918964638697
1day,^GSPC,GJRGARCH,0.06643516067728107,0.04129345447953856,-0.7769674107129814,0.040310582713324654,0.025398060740170442,-1.0311414910187624
1day,^GSPC,LinearRegression,0.014094807963246171,0.007443592219705393,-0.8044333107058338,0.011008472869472737,0.0056213651798605845,-1.051967505940393
1day,^GSPC,RandomForest,0.034704156157088356,0.01294849514170223,-0.8032460926860178,0.012922914196860459,0.007050860593885847,-1.0512782718208564
1day,^GSPC,XGBoost,0.03878729874405981,0.014629856512204819,-0.8024754260087803,0.014296093647179185,0.008331756719736245,-1.050336569293302
1day,^GSPC,LSTM,0.03298488028894298,0.019579222066779152,-0.7884000654177974,0.026253227694798754,0.014536354521856837,-1.0704525429745737
1day,^GSPC,GRU,0.0334859929243955,0.019606866972583865,-0.7879998758343134,0.02045509422694124,0.012986346858278548,-1.0699139865409253
1day,^GSPC,Transformer,0.10181051357552812,0.04976008280652448,-0.7475167502830264,0.04539378181647458,0.033487607533075094,-1.0432229097171253
1day,^GSPC,GARCHLSTM,0.03458305065704435,0.021002110295418843,-0.7861881157635027,0.02797689577821088,0.018869480037064613,-1.0625011896497722
1day,^GSPC,GARCHGRU,0.028708394280700975,0.01777224425211822,-0.7889322827126279,0.018908959727799362,0.01142737343675741,-1.0716045579411855
1day,^GSPC,GARCHTransformer,0.0855123181893833,0.0411721394037199,-0.7601674299809588,0.04038427221534601,0.02492094431553354,-1.0494884148448274
1day,^GSPC,HistoricalVolatility,0.023998190828797273,0.012393575056458234,-0.801460753412986,0.016728361823800154,0.00839878601922828,-1.0492809967619041
1day,^IXIC,HistoricalVolatility,0.02538797569405424,0.013864467013507945,-0.5623390497403506,0.02082665678517639,0.010973148676213506,-0.7282759167334804
1day,^FTSE,HistoricalVolatility,0.021281274309231112,0.011363113188231395,-0.8539418242179077,0.0130854035103611,0.006452040530525596,-1.3445200680425196
1day,^GDAXI,HistoricalVolatility,0.02525264209514751,0.013650934809860753,-0.6847426945147037,0.013242608618617537,0.007979806102486917,-1.05571385524536
1day,^N225,HistoricalVolatility,0.01870328178166892,0.01102050955599839,-0.7105278735791003,0.030365175850311718,0.01221164508421487,-0.7369858044529003
1day,^HSI,HistoricalVolatility,0.023370773863840455,0.013026197663813483,-0.5797872866149025,0.029650393288502754,0.01308186546212067,-0.5220044049194326
1day,000001.SS,HistoricalVolatility,0.018620457532140495,0.009878166602230426,-0.9083016057286327,0.020367394627716914,0.009081146556006897,-1.0841721509985904
1day,^GSPC,Persistence,0.023998190828797273,0.012393575056458234,-0.801460753412986,0.016728361823800154,0.00839878601922828,-1.0492809967619041
1day,^IXIC,Persistence,0.02538797569405424,0.013864467013507945,-0.5623390497403506,0.02082665678517639,0.010973148676213506,-0.7282759167334804
1day,^FTSE,Persistence,0.021281274309231112,0.011363113188231395,-0.8539418242179077,0.0130854035103611,0.006452040530525596,-1.3445200680425196
1day,^GDAXI,Persistence,0.02525264209514751,0.013650934809860753,-0.6847426945147037,0.013242608618617537,0.007979806102486917,-1.05571385524536
1day,^N225,Persistence,0.01870328178166892,0.01102050955599839,-0.7105278735791003,0.030365175850311718,0.01221164508421487,-0.7369858044529003
1day,^HSI,Persistence,0.023370773863840455,0.013026197663813483,-0.5797872866149025,0.029650393288502754,0.01308186546212067,-0.5220044049194326
1day,000001.SS,Persistence,0.018620457532140495,0.009878166602230426,-0.9083016057286327,0.020367394627716914,0.009081146556006897,-1.0841721509985904
1day,^GSPC,GARCH,0.041125922991104756,0.026523100033334246,-0.7894044145508845,0.028497401005142267,0.020095780778143394,-1.0386144898726024
1day,^IXIC,GARCH,0.04472878751119865,0.029870550517517306,-0.5533424665206154,0.03313503451840057,0.021298876084890332,-0.723043751498852
1day,^FTSE,GARCH,0.03448862487656765,0.023815700558930425,-0.8462354286477833,0.02695004456699726,0.022134986495807377,-1.3230787171723977
1day,^GDAXI,GARCH,0.04137800986226233,0.02836759446589017,-0.6760488120826094,0.028725047308235246,0.023439072148003556,-1.0393310857173337
1day,^N225,GARCH,0.03162874477529612,0.02337324489444333,-0.7036600107332988,0.04882974572585758,0.028911355311242573,-0.726985307481968
1day,^HSI,GARCH,0.03604397904963919,0.025017066464022422,-0.5740530048886704,0.04248575083699944,0.025555260530903585,-0.5169092043860924
1day,000001.SS,GARCH,0.03660406540230235,0.03213411922181699,-0.8891253218336777,0.0427180600128227,0.03738315898062508,-1.0467866057561703
1day,^GSPC,EGARCH,0.052318270527275,0.028338142709345367,-0.7889954320311402,0.03261152900613336,0.02103108969182075,-1.037918964638697
1day,^IXIC,EGARCH,0.0536231043307175,0.031128675269167475,-0.5517201746004583,0.03900997304118759,0.023200274513695232,-0.7204628132743641
1day,^FTSE,EGARCH,0.0366745065592067,0.022814045057554615,-0.8469886054953569,0.02417747202681279,0.017184772560920693,-1.3313156593285573
1day,^GDAXI,EGARCH,0.04643030483539149,0.02793571159069903,-0.67607830664989,0.02792198116437194,0.022898607069595536,-1.0410622025462897
1day,^N225,EGARCH,0.03352235614089397,0.02502112991166356,-0.7027190838634682,0.058496674899639514,0.03288498262827357,-0.7200599613085356
1day,^HSI,EGARCH,0.036341534001198515,0.025276294760163177,-0.5740253905263876,0.050133682796940186,0.030006199889254643,-0.5128038374505535
1day,000001.SS,EGARCH,0.03633686583106587,0.0286582065363691,-0.8917171285907453,0.039757281979775815,0.029330371734445988,-1.0612252404865998
1day,^GSPC,GJRGARCH,0.06643516067728107,0.04129345447953856,-0.7769674107129814,0.040310582713324654,0.025398060740170442,-1.0311414910187624
1day,^IXIC,GJRGARCH,0.06936393837738357,0.045974084254976885,-0.5416702873689585,0.051543025291832786,0.03459924951928282,-0.7083173487683133
1day,^FTSE,GJRGARCH,0.057927868303096014,0.035398707818409245,-0.8336111800316208,0.032187438834648065,0.021500616827331093,-1.3249312777323226
1day,^GDAXI,GJRGARCH,0.07430666461076607,0.04723955848595302,-0.6581884478672716,0.03715704545028085,0.02598056354694244,-1.0367970242426339
1day,^N225,GJRGARCH,0.03904886223882357,0.025920856768723317,-0.7021043166002748,0.050710697791253784,0.02941596704479705,-0.7273728770509323
1day,^HSI,GJRGARCH,0.04349667872185133,0.02935770822736484,-0.5709997843226707,0.04902793612825139,0.029093308355753116,-0.5148668498967995
1day,000001.SS,GJRGARCH,0.03849876889302787,0.034729619296232174,-0.8843116395444026,0.04631215561127473,0.04168565352134222,-1.0368662079502708
1day,^GSPC,LinearRegression,0.014094807963246171,0.007443592219705393,-0.8044333107058338,0.011008472869472737,0.0056213651798605845,-1.051967505940393
1day,^IXIC,LinearRegression,0.015466091481765053,0.00875439355774709,-0.5645468764506049,0.013969085667794978,0.007374993889781947,-0.730553915217861
1day,^FTSE,LinearRegression,0.013742706807519506,0.006997320124435547,-0.8578149065493055,0.00761445051111483,0.0041259329726621745,-1.3479044938404248
1day,^GDAXI,LinearRegression,0.01714936519661334,0.008346575789338864,-0.6886880489587908,0.00826501600812266,0.004976223723729019,-1.057989240741386
1day,^N225,LinearRegression,0.011647783237979058,0.007502910773066889,-0.7127479018666385,0.015607672380577153,0.007716513168962112,-0.740895843964806
1day,^HSI,LinearRegression,0.015146494925917223,0.009211721862522212,-0.5820460312754206,0.020883375452280403,0.009193667176026973,-0.5239423744069505
1day,000001.SS,LinearRegression,0.012657746983792894,0.006473872853951875,-0.9111693137283802,0.013508144368030084,0.005822758817607545,-1.088063081519393
1day,^GSPC,RandomForest,0.03470415615708836,0.012948495141702234,-0.8032460926860179,0.012922914196860459,0.007050860593885846,-1.0512782718208564
1day,^IXIC,RandomForest,0.03577369427146407,0.015548510108757555,-0.5631946512294055,0.01671033480037112,0.009260874565665605,-0.7300980748855067
1day,^FTSE,RandomForest,0.018259694424634154,0.009619361325457413,-0.8571838540127286,0.00862933679310346,0.005262583185198687,-1.3473059423790794
1day,^GDAXI,RandomForest,0.020389516323919943,0.01111699569916398,-0.6879373630326077,0.012376033553301784,0.007595707401788547,-1.0570658368130466
1day,^N225,RandomForest,0.01782300084517142,0.0099430879738404,-0.7120677458489005,0.02289472245627163,0.010814409449111528,-0.7399713053315736
1day,^HSI,RandomForest,0.01710490173253268,0.010611848807896914,-0.5817402364473458,0.02215413186294127,0.010928894175330143,-0.5239109762359783
1day,000001.SS,RandomForest,0.013969093257055941,0.007850549656034907,-0.910447564038823,0.014405724961942973,0.007577502912608444,-1.0879121395970102
1day,^GSPC,XGBoost,0.03878729874405981,0.014629856512204819,-0.8024754260087803,0.014296093647179185,0.008331756719736245,-1.050336569293302
1day,^IXIC,XGBoost,0.043299382679790374,0.019016296685076216,-0.5618838100296866,0.02124227964219731,0.01293764115140846,-0.7285975806007879
1day,^FTSE,XGBoost,0.0168845788448108,0.009492891862742275,-0.8569031050049309,0.011174996878082724,0.007658227867260219,-1.3454285819261462
1day,^GDAXI,XGBoost,0.02193451340522867,0.011372192583703845,-0.6879699775223896,0.022332780621954654,0.009864666766378578,-1.055669813136199
1day,^N225,XGBoost,0.023264221921707032,0.011584738705423262,-0.7114378141745303,0.030649211818072782,0.013581599254970187,-0.7387441472328468
1day,^HSI,XGBoost,0.01864995097087384,0.011592542555293238,-0.581380404409118,0.02492046205344463,0.013468225199002506,-0.523288626803865
1day,000001.SS,XGBoost,0.015216697919310221,0.009243392690407725,-0.9099646503594305,0.016004317545170885,0.009353282623988947,-1.086686810018815
5day,^GSPC,HistoricalVolatility,0.056474942397905986,0.030430213493027103,-0.7813028305975083,0.033756221162616215,0.018982497170615037,-1.0358702291430015
5day,^IXIC,HistoricalVolatility,0.05806112699932699,0.032989525897015516,-0.5477652861749029,0.04048474591004462,0.02425815484915528,-0.7170897182047201
5day,^FTSE,HistoricalVolatility,0.04354457824100708,0.027666708158859573,-0.8336179857259423,0.028757037350986333,0.013739389992370309,-1.3273574667653996
5day,^GDAXI,HistoricalVolatility,0.050563113884631694,0.03232961506442489,-0.6635303199528392,0.028101017482714638,0.017479490748669224,-1.0439024096388654
5day,^N225,HistoricalVolatility,0.03667785898638155,0.023484016713375314,-0.7005188765554582,0.06378957873587496,0.027595347256824363,-0.7187596772315749
5day,^HSI,HistoricalVolatility,0.04827262930172731,0.028649727434288577,-0.5667040032385752,0.05325454904371091,0.028892613115389727,-0.5109437973803427
5day,000001.SS,HistoricalVolatility,0.033949251694013985,0.021463046960166612,-0.8955694396582582,0.039160061844879454,0.020885822021213803,-1.061580028862254
5day,^GSPC,Persistence,0.056474942397905986,0.030430213493027103,-0.7813028305975083,0.033756221162616215,0.018982497170615037,-1.0358702291430015
5day,^IXIC,Persistence,0.05806112699932699,0.032989525897015516,-0.5477652861749029,0.04048474591004462,0.02425815484915528,-0.7170897182047201
5day,^FTSE,Persistence,0.04354457824100708,0.027666708158859573,-0.8336179857259423,0.028757037350986333,0.013739389992370309,-1.3273574667653996
5day,^GDAXI,Persistence,0.050563113884631694,0.03232961506442489,-0.6635303199528392,0.028101017482714638,0.017479490748669224,-1.0439024096388654
5day,^N225,Persistence,0.03667785898638155,0.023484016713375314,-0.7005188765554582,0.06378957873587496,0.027595347256824363,-0.7187596772315749
5day,^HSI,Persistence,0.04827262930172731,0.028649727434288577,-0.5667040032385752,0.05325454904371091,0.028892613115389727,-0.5109437973803427
5day,000001.SS,Persistence,0.033949251694013985,0.021463046960166612,-0.8955694396582582,0.039160061844879454,0.020885822021213803,-1.061580028862254
5day,^GSPC,GARCH,0.042046213047913214,0.02856056946697654,-0.7820150333771979,0.03165964813782917,0.023664866223684536,-1.0315987994269193
5day,^IXIC,GARCH,0.04519916822160726,0.03149687275031167,-0.5478633069532609,0.03442018439529269,0.023186059413082216,-0.720116335101797
5day,^FTSE,GARCH,0.03323380369176124,0.024020011340095324,-0.8417762804853809,0.03249896580268159,0.027846330112069818,-1.3079287074581187
5day,^GDAXI,GARCH,0.03853394960437639,0.027787869544576318,-0.6714018941666895,0.0331396274643605,0.028341117902743726,-1.0305358596651537
5day,^N225,GARCH,0.03300660277401671,0.025543471538043098,-0.6992653018650832,0.05125476495695198,0.032083117092366525,-0.7213478415839191
5day,^HSI,GARCH,0.03705269964724518,0.02668226121563383,-0.5718610554401702,0.0423041444157563,0.02557627288094474,-0.5152466669920072
5day,000001.SS,GARCH,0.04154019223999063,0.03661515551806242,-0.8793778852743451,0.04963139148414633,0.04470671318829584,-1.0295694047759025
5day,^GSPC,EGARCH,0.05800529212393895,0.034022255314692836,-0.7799149493903095,0.03561300058233244,0.02563220311655788,-1.030389125029547
5day,^IXIC,EGARCH,0.060287905907137875,0.03729988971296109,-0.5444940917971922,0.04130559428759562,0.02604597967581831,-0.7170984381146989
5day,^FTSE,EGARCH,0.03951226523793163,0.025328845553503645,-0.8421995002914126,0.02862610771734287,0.022104563614466846,-1.3193880819746187
5day,^GDAXI,EGARCH,0.05030419165961315,0.032467847193956234,-0.6691559438739767,0.0334796735691834,0.028751978296553116,-1.0314977390653706
5day,^N225,EGARCH,0.03989233069289957,0.03146079269651676,-0.6950074455325985,0.062381742188580426,0.04026834678790169,-0.7127998118887472
5day,^HSI,EGARCH,0.043417139875284554,0.03102112083291897,-0.5688509563427225,0.053368980023308664,0.03499886191061055,-0.5092636249816869
5day,000001.SS,EGARCH,0.04341601166442413,0.03508599733387426,-0.8814456336960279,0.04593205279920785,0.03514055179624949,-1.0497696850570384
5day,^GSPC,GJRGARCH,0.05011807491105642,0.033570553038877536,-0.7792361517180778,0.0334409392530179,0.022976186015921683,-1.0345426898244037
5day,^IXIC,GJRGARCH,0.05442872817570139,0.037467754787694256,-0.5435634542654627,0.04177049216782388,0.02850705414696519,-0.7152870741575327
5day,^FTSE,GJRGARCH,0.045399981815521934,0.030469676239469525,-0.8361697605795275,0.03272353584264163,0.02499007195170377,-1.3156348793894823
5day,^GDAXI,GJRGARCH,0.056469588944073876,0.03775144750476973,-0.6654526882474877,0.03492565072354365,0.02734283691384066,-1.0344617978586894
5day,^N225,GJRGARCH,0.0366355658310715,0.02679044991698977,-0.6994609065274803,0.05156475212844408,0.031113135778050735,-0.7243217492850047
5day,^HSI,GJRGARCH,0.038601785974513234,0.02844434894067127,-0.5712303803829301,0.049604245800941506,0.02936371114195728,-0.5128532765236498
5day,000001.SS,GJRGARCH,0.033949251694013985,0.021463046960166612,-0.8955694396582582,0.039160061844879454,0.020885822021213803,-1.061580028862254
5day,^GSPC,LinearRegression,0.04222329062158134,0.02431577277498424,-0.7891018529535467,0.027322580262039212,0.016578852272455445,-1.0395962879408893
5day,^IXIC,LinearRegression,0.044694153480075445,0.0279803733269608,-0.5530493862280961,0.03358340051561635,0.021318840006938063,-0.719861061813455
5day,^FTSE,LinearRegression,0.03429260810130211,0.02269782319699606,-0.8404665642514051,0.023032271195838384,0.012804526069918434,-1.3239165491733365
5day,^GDAXI,LinearRegression,0.039662856366242,0.026113645085516793,-0.6730998823033798,0.022957597615775302,0.015392762658222503,-1.0476371751330762
5day,^N225,LinearRegression,0.031767503668438286,0.02188482525110929,-0.7022725341416732,0.05194702889098187,0.024946738696244527,-0.7219119347890108
5day,^HSI,LinearRegression,0.042213296199038346,0.026869394703590163,-0.5699351746965224,0.04870997231673903,0.027472453307732386,-0.5021166566199625
5day,000001.SS,LinearRegression,0.02976523863240084,0.01880913695815698,-0.8991947349176873,0.035160375440028,0.020109768008696183,-1.0416239030733312
5day,^GSPC,RandomForest,0.05288990011122656,0.027607831877606535,-0.7878890077869675,0.03395741121779666,0.02117485539850823,-1.0353243433883303
5day,^IXIC,RandomForest,0.05568997335571261,0.03350002641953175,-0.549670174424217,0.04108942169977405,0.02604906450567834,-0.7174405078431904
5day,^FTSE,RandomForest,0.039287610563702065,0.024332588247140817,-0.8403632637213799,0.024089624508313263,0.01406826757820583,-1.3323739403916346
5day,^GDAXI,RandomForest,0.0508892136420177,0.031812640089668234,-0.6665262771127421,0.027783637847216696,0.01915793309761687,-1.043471902185374
5day,^N225,RandomForest,0.0621812133296099,0.029154995419876612,-0.6988503497804638,0.060891972869645726,0.03634588464050054,-0.7151769436402887
5day,^HSI,RandomForest,0.05378760327762537,0.03176861214040518,-0.5669928977406371,0.05180487733594671,0.02850341127973656,-0.5101820112352623
5day,000001.SS,RandomForest,0.031887696713322596,0.02057606746992553,-0.8979408282731325,0.0358849676717757,0.021739018338430362,-1.0666368898674392
5day,^GSPC,XGBoost,0.056422187454095815,0.03071008402858304,-0.7856830169492012,0.03623048419452442,0.02434179937538156,-1.030596996402123
5day,^IXIC,XGBoost,0.06050423178567794,0.035855795781932466,-0.5469980311414979,0.046496207502782216,0.031021911971547796,-0.7090664334297287
5day,^FTSE,XGBoost,0.0399157225968606,0.025600092833552666,-0.8382120305844306,0.026773332418502542,0.017410337545314025,-1.3267150803910674
5day,^GDAXI,XGBoost,0.0496557057849142,0.03301136212745527,-0.6660235908107481,0.034586098013931234,0.02439570118376121,-1.0362542304783955
5day,^N225,XGBoost,0.05512308951773923,0.030671162617368845,-0.6975190508414275,0.061787755718309814,0.03703416761892088,-0.7144945933392236
5day,^HSI,XGBoost,0.06903800757581141,0.036452175779162495,-0.5641680773504268,0.0538217967437281,0.03243053381545323,-0.5083133220972578
5day,000001.SS,XGBoost,0.035974141174539384,0.024422739254983197,-0.8929579152047272,0.04013164780877222,0.028208349471539586,-1.0585132556452184
22day,^GSPC,HistoricalVolatility,0.15692653720838812,0.08696665095300123,-0.6260325553384738,0.07806797851414458,0.04779703459142565,-0.9646326047287889
22day,^IXIC,HistoricalVolatility,0.15472155927864967,0.09099512312391957,-0.4282663262343283,0.09265259428940958,0.06001232481501749,-0.6612384671980547
22day,^FTSE,HistoricalVolatility,0.11024840805025851,0.07081558174649549,-0.7207808904785324,0.06230933051102948,0.03499076857770189,-1.25314462078248
22day,^GDAXI,HistoricalVolatility,0.12501310511669514,0.08213673971466441,-0.5488274676929319,0.06098088495247221,0.041779262505207554,-0.9897030047852314
22day,^N225,HistoricalVolatility,0.08477642539373859,0.055215750174007774,-0.6531023377585332,0.13988055025274468,0.07676913151364241,-0.6097243133290097
22day,^HSI,HistoricalVolatility,0.10282732261436964,0.07371065017538364,-0.49809370113389373,0.11437787780154805,0.07398823404315054,-0.4511118094211136
22day,000001.SS,HistoricalVolatility,0.07208563704999317,0.04791657360855115,-0.8291737033743519,0.08724362675130508,0.053623970949873825,-0.9537567248784699
22day,^GSPC,Persistence,0.15692653720838812,0.08696665095300123,-0.6260325553384738,0.07806797851414458,0.04779703459142565,-0.9646326047287889
22day,^IXIC,Persistence,0.15472155927864967,0.09099512312391957,-0.4282663262343283,0.09265259428940958,0.06001232481501749,-0.6612384671980547
22day,^FTSE,Persistence,0.11024840805025851,0.07081558174649549,-0.7207808904785324,0.06230933051102948,0.03499076857770189,-1.25314462078248
22day,^GDAXI,Persistence,0.12501310511669514,0.08213673971466441,-0.5488274676929319,0.06098088495247221,0.041779262505207554,-0.9897030047852314
22day,^N225,Persistence,0.08477642539373859,0.055215750174007774,-0.6531023377585332,0.13988055025274468,0.07676913151364241,-0.6097243133290097
22day,^HSI,Persistence,0.10282732261436964,0.07371065017538364,-0.49809370113389373,0.11437787780154805,0.07398823404315054,-0.4511118094211136
22day,000001.SS,Persistence,0.07208563704999317,0.04791657360855115,-0.8291737033743519,0.08724362675130508,0.053623970949873825,-0.9537567248784699
22day,^GSPC,GARCH,0.12609629967054392,0.06813314961109207,-0.6730370451580492,0.06234293286928997,0.03918655352904403,-0.996962206208495
22day,^IXIC,GARCH,0.1266155639116959,0.07653025307807251,-0.4599661352704484,0.07519492147568746,0.048603035790693104,-0.6858495629388758
22day,^FTSE,GARCH,0.08814405792819313,0.05309963681794827,-0.775364834101139,0.06334312872766083,0.05350582290713659,-1.2394579149637257
22day,^GDAXI,GARCH,0.1014126607481053,0.06299070220229161,-0.6020828006410863,0.06207499598419327,0.05129725175138014,-0.9859873503879638
22day,^N225,GARCH,0.06919855863962017,0.049796690067142976,-0.6641453989317025,0.11486845573584564,0.06923472276801201,-0.6521486942812031
22day,^HSI,GARCH,0.08491238437055484,0.0590357167577391,-0.5248035385066261,0.09241560482017162,0.05912363429447377,-0.4767779996916059
22day,000001.SS,GARCH,0.07727925318258379,0.07009381432581507,-0.8212819923548722,0.09421144796654529,0.08451281381998432,-0.9460690240000886
22day,^GSPC,EGARCH,0.12366942371697925,0.0691767365281467,-0.6822605191338879,0.06972219480012912,0.05546912742211042,-0.9733800529588779
22day,^IXIC,EGARCH,0.12343757696566986,0.07269126846760515,-0.4649198971267695,0.07454526155929489,0.05391040238629953,-0.6810609783962951
22day,^FTSE,EGARCH,0.08802483875450605,0.05449699981889312,-0.7747793781885876,0.0615172846620575,0.05036202434561631,-1.2462763752335664
22day,^GDAXI,EGARCH,0.10115493731266094,0.06421072039175318,-0.6005367135819133,0.06784490797196296,0.05832935815864021,-0.9745624807999004
22day,^N225,EGARCH,0.07753754288358268,0.061500441249858276,-0.6500584293489835,0.11211102826062114,0.0814409692114416,-0.6432160240329915
22day,^HSI,EGARCH,0.0849683091894403,0.06214844587806789,-0.5228488958260111,0.08978797306963682,0.06461458560218424,-0.4748858167445425
22day,000001.SS,EGARCH,0.07866755659488486,0.06594686393039866,-0.8236033297986416,0.08142959722485617,0.06545707825430971,-0.9806579769659606
22day,^GSPC,GJRGARCH,0.12353547877327417,0.07137279400027223,-0.6868613898059295,0.0628593312653319,0.04467759793594706,-0.9945846729113983
22day,^IXIC,GJRGARCH,0.12526847546798928,0.07705920536905816,-0.46308897464752546,0.06787031769564163,0.04547681674971326,-0.6934178448962158
22day,^FTSE,GJRGARCH,0.08691725267804497,0.05467045686439952,-0.7798417552097175,0.06498663642122336,0.05221139318545094,-1.244033556858492
22day,^GDAXI,GJRGARCH,0.10090385349633481,0.06978447747078284,-0.6032162570934827,0.07753347749722367,0.06813363302317672,-0.9562141369788371
22day,^N225,GJRGARCH,0.06406110025141047,0.04749216157347113,-0.6675114206924265,0.11294376836866185,0.06840578134862492,-0.6567494940559773
22day,^HSI,GJRGARCH,0.08242653265362479,0.05914019478485784,-0.5273017008726454,0.0992449694138164,0.060315876352243246,-0.47245282024890967
22day,000001.SS,GJRGARCH,0.08018001006619369,0.07314255938445498,-0.8159231057100672,0.09703362679477386,0.08780308835031386,-0.9389936198270014
22day,^GSPC,LinearRegression,0.1305140727802832,0.07659448038007435,-0.6532764184796661,0.07043561875603074,0.044875866756325676,-0.9561052790157211
22day,^IXIC,LinearRegression,0.13425948911124874,0.08605733735432285,-0.4360614137817798,0.08273111993332488,0.052026759215857525,-0.6576218233655782
22day,^FTSE,LinearRegression,0.09140911591329957,0.05908827429701692,-0.7445230384293483,0.05865920329317919,0.039927581042735735,7662.279945791973
22day,^GDAXI,LinearRegression,0.10409117394553168,0.06912450354848906,-0.5913694667260164,0.061093180737439495,0.04633260496201372,-0.9881894803763657
22day,^N225,LinearRegression,0.0717939967370181,0.053163029399525295,-0.654544742780014,0.11863759643321678,0.06206231476398851,32866.91623893807
22day,^HSI,LinearRegression,0.10179364848069541,0.06830278871491274,-0.4996853868695922,0.1151721794884833,0.07552234422438342,21909.63684722335
22day,000001.SS,LinearRegression,0.060886968259615,0.04544898857957254,-0.8520688930350814,0.08290676268485343,0.057230128257103274,-0.9667082294848317
22day,^GSPC,RandomForest,0.1312529989268211,0.07492644626894236,-0.6536545258209338,0.07886293895634966,0.05829951850349396,-0.9599940147129065
22day,^IXIC,RandomForest,0.13584982021663894,0.08696593880164337,-0.42330807611968146,0.08589510863495142,0.058954283360816616,-0.654954443029847
22day,^FTSE,RandomForest,0.09242191427368442,0.05844449738166847,-0.7637165018064944,0.06228542834502155,0.04813845201462377,-1.2534050230496923
22day,^GDAXI,RandomForest,0.10319707400457791,0.0686107374691786,-0.594783644744602,0.06715307137017522,0.05349416579541098,-0.9802364619807471
22day,^N225,RandomForest,0.10662973605342402,0.06648528416758688,-0.6453127931236593,0.11431906994904552,0.08090495342324613,-0.6357662498253795
22day,^HSI,RandomForest,0.1181716458394576,0.08183628919138161,-0.48603333036942903,0.11847035064302111,0.08006241005807552,-0.42525419908362333
22day,000001.SS,RandomForest,0.0824958586117039,0.06121080380943642,-0.8276305293417832,0.09824557390923865,0.07402414196106652,-0.9635781562138269
22day,^GSPC,XGBoost,0.13882346177542051,0.07603879811906337,-0.6170613775407389,0.08252714169157084,0.06135377224052967,-0.9404195202244955
22day,^IXIC,XGBoost,0.14115104313227012,0.0875724213633093,-0.39868958080182304,0.08312190387845123,0.05894583383410981,-0.6551909723284185
22day,^FTSE,XGBoost,0.10094701832732583,0.06614254586642433,-0.7135499741809904,0.0636777103567437,0.0468859235197959,-1.2440056299655657
22day,^GDAXI,XGBoost,0.11098238270061031,0.0752815129504339,-0.5562348559305812,0.06948584249729862,0.05341768529185208,-0.9836291545761549
22day,^N225,XGBoost,0.09066490933454416,0.06661463099645709,-0.6388657124710039,0.13327624527743945,0.0960204566073013,-0.5708678901713353
22day,^HSI,XGBoost,0.10433793086106687,0.07320819942527243,-0.4881197210700334,0.113738650708475,0.07765557367603729,-0.4312549695933037
22day,000001.SS,XGBoost,0.0911352358495693,0.065723786131968,-0.8164421647244298,0.08721689969163447,0.062400532450910276,-0.9746022501681073
1day,^GSPC,LSTM,0.02547101377098114,0.014160348618552554,-0.7909084135966884,0.013294202982428342,0.008961020261954129,-1.0734885326252948
1day,^IXIC,LSTM,0.0268965359206418,0.017251198487201108,-0.5494440069320112,0.022280684610148857,0.015521376390657057,-0.7485708218264312
1day,^FTSE,LSTM,0.0157945293770688,0.009664223522895348,-0.8498475583347191,0.011119857439776174,0.007582261175235708,-1.3449205299457003
1day,^GDAXI,LSTM,0.01887004991349543,0.0112661570815648,-0.6783965486021789,0.010188137555126937,0.006948650865549815,-1.0635831566761478
1day,^N225,LSTM,0.014023323551858017,0.00968478542383111,-0.6955462909625739,0.020690074163237777,0.0105666497915117,-0.7342566364317225
1day,^HSI,LSTM,0.02203280724585235,0.014254719710798537,-0.5640354862518433,0.025266271772046166,0.014919487583372656,-0.5471768016425868
1day,000001.SS,LSTM,0.01488132077549374,0.009129076127190959,-0.8973890712716693,0.01660172495045453,0.010491688992812812,-1.0941572728112543
1day,^GSPC,GRU,0.021498359509871518,0.01435073911168212,-0.7901909535421562,0.01795724327568842,0.012286483626025595,-1.071677050583781
1day,^IXIC,GRU,0.022611926136555816,0.014551476943745005,-0.5498531577679959,0.020211814562292343,0.012923422158565713,-0.750303817375725
1day,^FTSE,GRU,0.03388753048459736,0.023497603635986797,-0.8376012099408365,0.0254284104236183,0.01655340126200403,-1.329570438440666
1day,^GDAXI,GRU,0.021303568881189842,0.013292126473664814,-0.6772369191691955,0.013481009271392569,0.00972555868005514,-1.0617618488233544
1day,^N225,GRU,0.02883574331050731,0.02037498850935601,-0.687826937465821,0.042185528243703106,0.023439841336754256,-0.7220501744040206
1day,^HSI,GRU,0.029239715670195395,0.019307768386537756,-0.5617503427454543,0.035642024409146704,0.020256075075066427,-0.5456670193423591
1day,000001.SS,GRU,0.01901958986273801,0.012316388780161886,-0.8947417074080772,0.0213994298382042,0.014543176697054625,-1.0896224357699775
1day,^GSPC,Transformer,0.08463888762261555,0.04448936534236459,-0.7580247331824574,0.05441356643848856,0.03554772671754572,-1.0126464203252663
1day,^IXIC,Transformer,0.09130072345435541,0.05785511659828463,-0.5081058199247255,0.0735290515845969,0.04764876254118609,-0.6815271396764302
1day,^FTSE,Transformer,0.04891197500989618,0.03378700156461656,-0.8217325321405675,0.04020204033099261,0.02392121547997424,-1.3075939857025107
1day,^GDAXI,Transformer,0.06913281833909019,0.04523281216062945,-0.6444402468040357,0.04482756186880556,0.0327155188430458,-1.0203386272094466
1day,^N225,Transformer,0.05534262430458065,0.037442230444124106,-0.6690390590008439,0.09081872692399061,0.04961021963295869,-0.6713700761011312
1day,^HSI,Transformer,0.07463376674074014,0.052885781476994735,-0.5194074195549574,0.08700648880393373,0.055522154126852,-0.48454278541633283
1day,000001.SS,Transformer,0.04305574459911334,0.03070621095638326,-0.8744989444493912,0.06118051536782156,0.038568279474402146,-1.045300669403737
5day,^GSPC,LSTM,0.04797679294610093,0.028192890086964753,-0.9533979739399936,0.03548606432011829,0.022930922871964736,-0.9176535061569608
5day,^IXIC,LSTM,0.05058659537495377,0.036110047848645556,-0.7270848429631873,0.06398618888310018,0.04661653297986859,-0.586487190519498
5day,^FTSE,LSTM,0.032358192142819604,0.024201298743772276,-0.9216197302269702,0.03311766281676779,0.022026504567242925,-1.2283419300921343
5day,^GDAXI,LSTM,0.044680924619758,0.034579441207273263,-0.7789011032628304,0.03738812193831131,0.02590179213125825,-0.9249706675162528
5day,^N225,LSTM,0.03128804368066894,0.023502590100890064,-0.7920741497789678,0.06327666285634598,0.03436775160872592,-0.6840586785124414
5day,^HSI,LSTM,0.041906029143540496,0.03254069558672484,-0.7113907577838215,0.0766670442561124,0.04584840744537218,-0.44415802128482884
5day,000001.SS,LSTM,0.04524388626705049,0.03446005878561343,-0.8568537725558657,0.0508606528210827,0.03624302845112377,-0.9852946564577778
5day,^GSPC,GRU,0.03815091134319237,0.02439458050115178,-0.9548503373416491,0.035913254010966796,0.026763579619804943,-0.9150522931936028
5day,^IXIC,GRU,0.039247862371188984,0.027438835545127174,-0.7360122492038105,0.04157555062409654,0.029332354729895017,-0.6038854251645429
5day,^FTSE,GRU,0.03605331395004559,0.026729773901674993,-0.9161002785698241,0.028185387410278973,0.01720070636521028,-1.237421316799573
5day,^GDAXI,GRU,0.03327594040767068,0.024564123049583313,-0.7983599804613302,0.0287121673295204,0.020912756521199886,-0.9348890638512214
5day,^N225,GRU,0.036320519615612584,0.028041231428863667,-0.7868055930514698,0.05772114709922487,0.03472480655201801,-0.6843492170473235
5day,^HSI,GRU,0.0326509124116471,0.024111217688981373,-0.7187595110026141,0.052329527205565204,0.03116701542780372,-0.4625623324011994
5day,000001.SS,GRU,0.03536793841392244,0.02707775390012999,-0.8690703582069244,0.04161388478599466,0.030720569257142158,-1.000363461346357
5day,^GSPC,Transformer,0.0957887104128022,0.05143189621329347,-0.910900058365065,0.05414013041463767,0.03720587865814051,-0.8870144788949667
5day,^IXIC,Transformer,0.09501056005250519,0.05433647523432347,-0.6953891769700018,0.07658173618071411,0.05412242489414481,-0.5558692827785202
5day,^FTSE,Transformer,0.05823830702233907,0.04046335654191256,-0.8911369459010445,0.04177386656036335,0.028214154093582338,-1.2160545323251344
5day,^GDAXI,Transformer,0.06779381043231318,0.04483042818382974,-0.7685441129018905,0.049915157551428044,0.03631231121636273,-0.9102634119162406
5day,^N225,Transformer,0.04069136773257217,0.031940793671880914,-0.78325496235804,0.08049440948711178,0.044053274441109666,-0.6661634384289322
5day,^HSI,Transformer,0.04573811728302063,0.03496303399496071,-0.7054077829844981,0.09561069931528979,0.06493512157522972,-0.4085838688225233
5day,000001.SS,Transformer,0.06696249855383322,0.05042458282082697,-0.8286065547603154,0.06936742786386522,0.05469821402868577,-0.958565945052861
22day,^GSPC,LSTM,0.12729627515162295,0.06444116124664968,-0.8329745056538335,0.07884653294452515,0.05091723018977116,-0.8433372215622822
22day,^IXIC,LSTM,0.1279187682513675,0.06906894119161473,-0.5903918732705186,0.09807392284805724,0.06976515357976816,-0.5134504747645079
22day,^FTSE,LSTM,0.08735871228104336,0.05034461088622892,-0.8444769806296645,0.06311357914910988,0.04718776868468492,-1.1809187327311914
22day,^GDAXI,LSTM,0.09348253536238452,0.06307565996137021,-0.7269763495744587,0.08541369986642693,0.0634233290258449,-0.8695679755073726
22day,^N225,LSTM,0.06239314040840018,0.04428559512791998,-0.7569873834336918,0.1022371016938573,0.05566234077022026,-0.6285110318424462
22day,^HSI,LSTM,0.06213968214048655,0.04475896616338254,-0.6740047784775682,0.11997658632612068,0.08116395239556157,-0.343037679972109
22day,000001.SS,LSTM,0.06581348864379315,0.046423165680174044,-0.8300462584282008,0.07758963172642325,0.050576988667385185,-0.9410548484985654
22day,^GSPC,GRU,0.12814200858324293,0.06341304840259654,-0.826173254072074,0.06761326228387747,0.046216283757046214,-0.8733617943936043
22day,^IXIC,GRU,0.11761738514789062,0.06957892580582156,-0.6327345406275795,0.09069397842660402,0.06078005609175084,-0.5486619130004348
22day,^FTSE,GRU,0.08637452672577657,0.05732918105811577,-0.8021166622784427,0.05070740287984407,0.03235106513311673,-1.1938847883613461
22day,^GDAXI,GRU,0.09102174958615047,0.0621829478633631,-0.6926577007865943,0.08397069984109314,0.05773465575610799,-0.8679510654289017
22day,^N225,GRU,0.061685900188781326,0.04773612606978458,-0.7375680488086069,0.11431139553631646,0.06560461429121538,-0.559843079742913
22day,^HSI,GRU,0.05960584610919854,0.04405501116288233,-0.6838483505192109,0.11824456008629416,0.07468124232594509,-0.333277120159293
22day,000001.SS,GRU,0.06838135078628199,0.05395455745941262,-0.8306178176205923,0.07707404919291896,0.05442447654153043,-0.919398277895961
22day,^GSPC,Transformer,0.14198485925607898,0.07560273391806656,-0.7997042988622081,0.08121529681912482,0.05042805720344461,-0.8116673562239611
22day,^IXIC,Transformer,0.13717241210043868,0.07703405526612088,-0.6013604705080963,0.10593089069498568,0.07105228197733435,-0.4885317895456872
22day,^FTSE,Transformer,0.09380696957831916,0.048370653792538285,-0.844682657437492,0.05369943456913546,0.03610321714666718,-1.1938911093759283
22day,^GDAXI,Transformer,0.10258396668361616,0.06072003964162738,-0.7170614535443492,0.06859687577803966,0.046145885455170406,-0.8904355554274186
22day,^N225,Transformer,0.07168264606330514,0.049105712144410396,-0.7477255427032787,0.10467985479975998,0.05687948370464062,-0.6145461166795457
22day,^HSI,Transformer,0.07296328363912075,0.0546521308061675,-0.656964774443471,0.12272485993455735,0.086371845342504,-0.32053920928988866
22day,000001.SS,Transformer,0.07568421529317373,0.05683577594359781,-0.8236775368479369,0.07277627417855873,0.05169847749188753,-0.9485786519232468
1day,^GSPC,GARCHLSTM,0.02988259035161224,0.015688437637534376,-0.7906973631843365,0.01637759955254716,0.011103033760077199,-1.072601989579535
1day,^GSPC,GARCHLSTM,0.02988259035161224,0.015688437637534376,-0.7906973631843365,0.01637759955254716,0.011103033760077199,-1.072601989579535
1day,^IXIC,GARCHLSTM,0.02909143940497398,0.018161203251902226,-0.7497628764593763,0.03427175326210584,0.02275377758895118,-0.6119285070218979
1day,^FTSE,GARCHLSTM,0.0156538779482359,0.009230810976847702,-0.9387741044589366,0.013672689465435563,0.009641977778980513,-1.2496200525134724
1day,^GDAXI,GARCHLSTM,0.021296303402652077,0.012944274262329894,-0.8108500770593068,0.015878987240308954,0.011192256416782979,-0.9433119452754246
1day,^N225,GARCHLSTM,0.013795550729938294,0.00911727468532526,-0.806706118262339,0.017574245236971382,0.009841601876022286,-0.7144917945863724
1day,^HSI,GARCHLSTM,0.016808587223047924,0.01147638833127892,-0.7308141162366218,0.029339864533718497,0.016842865767607188,-0.474460940047186
1day,000001.SS,GARCHLSTM,0.017396983736159194,0.012267216474212871,-0.8835927466667327,0.027681553775426856,0.019184264777481846,-1.0197724232123735
1day,^GSPC,GARCHGRU,0.026220023453303886,0.018189578222277545,-0.7865469296011395,0.02282620799858111,0.014317581051318935,-1.0684807868520063
1day,^IXIC,GARCHGRU,0.023918319651259845,0.0160040136644572,-0.7504405899542426,0.02478791665171717,0.016522373175704933,-0.6157635552816065
1day,^FTSE,GARCHGRU,0.01729970129790525,0.011724285876816367,-0.9373699894355325,0.016276837509949755,0.011851476016549196,-1.2464505253276732
1day,^GDAXI,GARCHGRU,0.02487280243799384,0.017552318530902153,-0.8068241917510522,0.020698565059089936,0.014992262563044917,-0.9393697404198729
1day,^N225,GARCHGRU,0.025882186465356675,0.0185468645630093,-0.7994970329312284,0.03209702302031835,0.019050316208430968,-0.7090365294358653
1day,^HSI,GARCHGRU,0.023119684619300133,0.016863523709519154,-0.7279160203174083,0.03440235446161431,0.0235177640200976,-0.4719154192952649
1day,000001.SS,GARCHGRU,0.019356358312633434,0.013325048879238594,-0.8828122518338801,0.019487448326210945,0.014283824006441962,-1.023862793665536
1day,^GSPC,GARCHTransformer,0.08212039366731903,0.045831535638716954,-0.7458770469948218,0.054546449003002144,0.03475217749116714,-1.0110650567044643
1day,^IXIC,GARCHTransformer,0.06906460351728463,0.04035266052592209,-0.7270126721211851,0.06398514976846606,0.04609273151373051,-0.5719985990989274
1day,^FTSE,GARCHTransformer,0.056404794661742585,0.0339377104325208,-0.9021482512227679,0.04050009413177135,0.02846387549407456,-1.213466039593384
1day,^GDAXI,GARCHTransformer,0.06188697966026294,0.040529987217017754,-0.7775485795736651,0.04306247715975589,0.03284101049415586,-0.9134810860540045
1day,^N225,GARCHTransformer,0.06208090051180744,0.03873532402607412,-0.7738430523564956,0.07949384133593665,0.04363866720206896,-0.6691038475791687
1day,^HSI,GARCHTransformer,0.04672890763553964,0.033630528715089696,-0.7098108781634568,0.09551186209286913,0.06640436647705845,-0.40051579149328775
1day,000001.SS,GARCHTransformer,0.040552706603420655,0.030859807237469623,-0.8615942862179963,0.05470556009687518,0.03819319544933929,-0.9834820213390654
5day,^GSPC,GARCHLSTM,0.048070455929516795,0.029217221389759164,-0.9528013687172252,0.03758441300542482,0.02609602936814297,-0.9135515442844988
5day,^IXIC,GARCHLSTM,0.04330423058750944,0.029841360442204964,-0.733866852234602,0.045001608097341446,0.032101931198262004,-0.6042246708352194
5day,^FTSE,GARCHLSTM,0.033262351126036364,0.022946689781887124,-0.9241485236165825,0.02852388860155178,0.018220429257119444,-1.2351953697406792
5day,^GDAXI,GARCHLSTM,0.04004969696049905,0.02649253168655423,-0.7964192387334522,0.025857960346601018,0.017051002092220772,-0.9387458580215026
5day,^N225,GARCHLSTM,0.026717609654468403,0.020300421349324974,-0.7954687027659249,0.052253227725269344,0.02694215629901998,-0.6975737089012175
5day,^HSI,GARCHLSTM,0.030430668253524536,0.022439241719148288,-0.7209229658121259,0.05505803922145283,0.033466042814076134,-0.4610695018627856
5day,000001.SS,GARCHLSTM,0.0329551891719923,0.023621035821792993,-0.8701703407537058,0.03727782083882286,0.02551663825639093,-1.004351503761281
5day,^GSPC,GARCHGRU,0.03411289515860673,0.02079460145331644,-0.9589092187563139,0.029652271375715265,0.019629439354871957,-0.9221366075243734
5day,^IXIC,GARCHGRU,0.03698704712841532,0.02395728379442538,-0.7410041162048295,0.037137603486559846,0.025851756719694828,-0.6102217511592272
5day,^FTSE,GARCHGRU,0.02868197189854614,0.02062639947776617,-0.9246168036129043,0.03074632916455361,0.020033204999008406,-1.232612920271793
5day,^GDAXI,GARCHGRU,0.029630992458776054,0.02097952637552496,-0.8021838965248393,0.02682581254392373,0.020610342710097887,-0.9346074546226406
5day,^N225,GARCHGRU,0.031070361688113033,0.023359438049287074,-0.7922903287659973,0.04915768174916741,0.027558992056385883,-0.6985892241767848
5day,^HSI,GARCHGRU,0.02641308350791362,0.020189626978336983,-0.72331192481107,0.043034715065678346,0.025927805539728045,-0.46833391805800517
5day,000001.SS,GARCHGRU,0.0316476566456935,0.02308754123717306,-0.8721093541616854,0.03634583976478771,0.02796668608688911,-1.0043066959974851
5day,^GSPC,GARCHTransformer,0.0940798091866547,0.05168243153278106,-0.9062330280409424,0.06673994858986886,0.04751813214973174,-0.8448648405639686
5day,^IXIC,GARCHTransformer,0.09405726475746422,0.05372147218689378,-0.6928123116956896,0.08457997457881597,0.06401771976189408,-0.5172153923868446
5day,^FTSE,GARCHTransformer,0.05101600961359403,0.035486182658788175,-0.899975694373862,0.050491635243225266,0.03333450442933004,-1.1972326583996373
5day,^GDAXI,GARCHTransformer,0.06466237978333486,0.04476731973037607,-0.769340003609109,0.0476445233454524,0.03632299259753333,-0.9094078676599354
5day,^N225,GARCHTransformer,0.045769246225184676,0.03421090484087721,-0.778779193665868,0.09899127065864323,0.05156957487285701,-0.6283397106429552
5day,^HSI,GARCHTransformer,0.039224152911967555,0.031071896802567205,-0.7098681040475338,0.11576551314526265,0.07891932326757978,-0.3489470500783749
5day,000001.SS,GARCHTransformer,0.050570783562284095,0.03552049184150506,-0.8506029148628783,0.06082151661898634,0.038520028401009807,-0.9730480719875936
22day,^GSPC,GARCHLSTM,0.13086709449142717,0.06736736438479907,-0.8286678388573158,0.0737561066404173,0.04947856746683552,-0.866316858893738
22day,^IXIC,GARCHLSTM,0.12626758418586548,0.06962529504058898,-0.6264481510125006,0.09962812480815725,0.06977021728381295,-0.533117176861433
22day,^FTSE,GARCHLSTM,0.08784514776966243,0.050218081697767945,-0.8333627122536459,0.053615117293748064,0.03828806859711904,-1.197802633737385
22day,^GDAXI,GARCHLSTM,0.09571673813331484,0.05886893390467874,-0.7099555497965411,0.07097119723473118,0.05241438213947674,-0.8863562059495206
22day,^N225,GARCHLSTM,0.05815010538415949,0.04214076592802783,-0.7558206399343742,0.10594895781834965,0.056226863574728884,-0.6069234920755527
22day,^HSI,GARCHLSTM,0.05284570443641645,0.03828998719596457,-0.6902170398200744,0.10820378028063639,0.0654128056464045,-0.38235093214711896
22day,000001.SS,GARCHLSTM,0.06876875983430068,0.04772755189420234,-0.8237763403837624,0.07959698870864255,0.051225347198956106,-0.9348497092600996
22day,^GSPC,GARCHGRU,0.11472171714825828,0.056515574773928386,-0.8483102179075865,0.07272622326284583,0.046602526877351995,-0.8538303117908402
22day,^IXIC,GARCHGRU,0.11345937497307898,0.06731278985594037,-0.6372107764017513,0.10191060841790463,0.0681376850275169,-0.517487568200433
22day,^FTSE,GARCHGRU,0.08015892803404877,0.05289703264249666,-0.8269476764081876,0.05216064684499343,0.033338679326891295,-1.196236669012501
22day,^GDAXI,GARCHGRU,0.08771521580873806,0.06205933400899697,-0.6948375631035699,0.0712314072658832,0.05002269836255158,-0.8627904607979682
22day,^N225,GARCHGRU,0.05923285718900043,0.04714670953238004,-0.734856352643596,0.1164408106217187,0.06655580377516117,-0.5313746977357185
22day,^HSI,GARCHGRU,0.0663163589566445,0.049210470892078556,-0.6577677143168993,0.11965702135968977,0.07975846290634042,-0.34108167354617375
22day,000001.SS,GARCHGRU,0.06964026957277518,0.053296396449466966,-0.8309291849508322,0.09274677902266994,0.06306414642526158,-0.9102783316777753
22day,^GSPC,GARCHTransformer,0.14152130090291742,0.07174985007643851,-0.8018006530072057,0.07339145556369926,0.043790131422396614,-0.8499944512854162
22day,^IXIC,GARCHTransformer,0.13611236555135042,0.0764433292559478,-0.6094328315829975,0.09825351732351816,0.06455561353221212,-0.515399511569833
22day,^FTSE,GARCHTransformer,0.09037928329123676,0.046748063641778,-0.8587911460229269,0.053040200388142604,0.037719615482749755,-1.1938805979237463
22day,^GDAXI,GARCHTransformer,0.10225677475014304,0.05883913310744582,-0.7241717581175812,0.06562567615304384,0.045596316354486584,-0.8944652259848803
22day,^N225,GARCHTransformer,0.06956105861513685,0.047208251832738794,-0.7513234713406626,0.10485153957905147,0.05438041855382806,-0.6130586559270716
22day,^HSI,GARCHTransformer,0.06495325031413854,0.04820078458493069,-0.668105232546882,0.11958383937790341,0.0815878404377833,-0.33906445465633156
22day,000001.SS,GARCHTransformer,0.07130843557634917,0.05501180662572138,-0.8295308124740578,0.07056100230153024,0.050005300977099536,-0.9542054253336284
