Horizon,Loss,Model,Cells,Mean_Rank,Median_Loss_Ratio_vs_Persistence,MCS_Inclusions
1day,QLIKE,HistoricalVolatility,7,1.7857142857142858,,7
1day,QLIKE,Persistence,7,1.7857142857142858,,7
1day,QLIKE,GARCH,7,10.714285714285714,,0
1day,QLIKE,EGARCH,7,10.714285714285714,,0
1day,QLIKE,GJRGARCH,7,11.571428571428571,,0
1day,QLIKE,LinearRegression,7,2.4285714285714284,,5
1day,QLIKE,RandomForest,7,4.142857142857143,,1
1day,QLIKE,XGBoost,7,6.0,,0
1day,QLIKE,LSTM,7,6.571428571428571,,0
1day,QLIKE,GRU,7,8.428571428571429,,0
1day,QLIKE,Transformer,7,13.428571428571429,,0
1day,QLIKE,GARCHLSTM,7,6.142857142857143,,0
1day,QLIKE,GARCHGRU,7,7.857142857142857,,0
1day,QLIKE,GARCHTransformer,7,13.428571428571429,,0
1day,SquaredError,HistoricalVolatility,7,2.5,1.0,7
1day,SquaredError,Persistence,7,2.5,1.0,7
1day,SquaredError,GARCH,7,10.428571428571429,7.44641949050661,1
1day,SquaredError,EGARCH,7,10.714285714285714,8.638537765184081,4
1day,SquaredError,GJRGARCH,7,11.714285714285714,12.268174188100263,0
1day,SquaredError,LinearRegression,7,1.0,0.9521943919469833,7
1day,SquaredError,RandomForest,7,4.714285714285714,1.370959074823694,3
1day,SquaredError,XGBoost,7,7.0,1.9121804349372171,2
1day,SquaredError,LSTM,7,5.857142857142857,1.4783222892125707,1
1day,SquaredError,GRU,7,8.285714285714286,2.6996455720293526,1
1day,SquaredError,Transformer,7,13.714285714285714,24.775763700023923,2
1day,SquaredError,GARCHLSTM,7,6.0,1.4583599118099133,2
1day,SquaredError,GARCHGRU,7,7.285714285714286,2.4143477586927635,1
1day,SquaredError,GARCHTransformer,7,13.285714285714286,21.745248221400768,2
1day,AbsoluteError,HistoricalVolatility,7,1.5,1.0,
1day,AbsoluteError,Persistence,7,1.5,1.0,
1day,AbsoluteError,GARCH,7,10.571428571428571,4.088187365868381,
1day,AbsoluteError,EGARCH,7,10.857142857142858,4.555149161282368,
1day,AbsoluteError,GJRGARCH,7,11.857142857142858,5.040507364984951,
1day,AbsoluteError,LinearRegression,7,3.0,1.1172883128524358,
1day,AbsoluteError,RandomForest,7,4.428571428571429,1.4307384035389314,
1day,AbsoluteError,XGBoost,7,6.285714285714286,1.9114491307247052,
1day,AbsoluteError,LSTM,7,6.0,1.926490108384652,
1day,AbsoluteError,GRU,7,8.142857142857142,2.6150310062007147,
1day,AbsoluteError,Transformer,7,13.571428571428571,7.170521363243774,
1day,AbsoluteError,GARCHLSTM,7,6.142857142857143,1.6965200365084168,
1day,AbsoluteError,GARCHGRU,7,8.0,2.6585022152648587,
1day,AbsoluteError,GARCHTransformer,7,13.142857142857142,6.727401302979902,
5day,QLIKE,HistoricalVolatility,7,3.357142857142857,,7
5day,QLIKE,Persistence,7,3.357142857142857,,7
5day,QLIKE,GARCH,7,8.0,,3
5day,QLIKE,EGARCH,7,9.714285714285714,,0
5day,QLIKE,GJRGARCH,7,7.142857142857143,,3
5day,QLIKE,LinearRegression,7,6.285714285714286,,7
5day,QLIKE,RandomForest,7,5.571428571428571,,4
5day,QLIKE,XGBoost,7,9.0,,0
5day,QLIKE,LSTM,7,10.428571428571429,,0
5day,QLIKE,GRU,7,7.285714285714286,,3
5day,QLIKE,Transformer,7,13.285714285714286,,0
5day,QLIKE,GARCHLSTM,7,5.285714285714286,,3
5day,QLIKE,GARCHGRU,7,2.7142857142857144,,6
5day,QLIKE,GARCHTransformer,7,13.571428571428571,,0
5day,SquaredError,HistoricalVolatility,7,4.785714285714286,1.0,7
5day,SquaredError,Persistence,7,4.785714285714286,1.0,7
5day,SquaredError,GARCH,7,6.285714285714286,1.1311183281326074,2
5day,SquaredError,EGARCH,7,10.0,1.3325992867470804,2
5day,SquaredError,GJRGARCH,7,7.714285714285714,1.220525794415749,3
5day,SquaredError,LinearRegression,7,2.7142857142857144,0.841327092558942,7
5day,SquaredError,RandomForest,7,7.428571428571429,1.175578634180157,3
5day,SquaredError,XGBoost,7,10.142857142857142,1.2937060648595102,0
5day,SquaredError,LSTM,7,10.428571428571429,1.6612737066420444,4
5day,SquaredError,GRU,7,5.714285714285714,1.0687949171378277,4
5day,SquaredError,Transformer,7,13.428571428571429,3.2319267696301845,5
5day,SquaredError,GARCHLSTM,7,6.0,1.029560710336659,5
5day,SquaredError,GARCHGRU,7,2.0,0.746351714178094,7
5day,SquaredError,GARCHTransformer,7,13.571428571428571,3.318161836710952,4
5day,AbsoluteError,HistoricalVolatility,7,1.9285714285714286,1.0,
5day,AbsoluteError,Persistence,7,1.9285714285714286,1.0,
5day,AbsoluteError,GARCH,7,9.0,1.4397108011673792,
5day,AbsoluteError,EGARCH,7,10.285714285714286,1.6859997949650716,
5day,AbsoluteError,GJRGARCH,7,8.714285714285714,1.3363733176138675,
5day,AbsoluteError,LinearRegression,7,3.4285714285714284,1.030407813908872,
5day,AbsoluteError,RandomForest,7,6.428571428571429,1.2163738089227625,
5day,AbsoluteError,XGBoost,7,9.285714285714286,1.4636668200127063,
5day,AbsoluteError,LSTM,7,10.285714285714286,1.5169717388017803,
5day,AbsoluteError,GRU,7,6.857142857142857,1.2316873354622153,
5day,AbsoluteError,Transformer,7,13.142857142857142,2.1214767100320095,
5day,AbsoluteError,GARCHLSTM,7,6.285714285714286,1.2608838281451578,
5day,AbsoluteError,GARCHGRU,7,4.142857142857143,1.0436845032217341,
5day,AbsoluteError,GARCHTransformer,7,13.285714285714286,2.2924002611139427,
22day,QLIKE,HistoricalVolatility,7,7.642857142857143,,6
22day,QLIKE,Persistence,7,7.642857142857143,,6
22day,QLIKE,GARCH,7,5.714285714285714,,5
22day,QLIKE,EGARCH,7,5.714285714285714,,3
22day,QLIKE,GJRGARCH,7,6.714285714285714,,4
22day,QLIKE,LinearRegression,7,11.142857142857142,,5
22day,QLIKE,RandomForest,7,8.428571428571429,,2
22day,QLIKE,XGBoost,7,10.142857142857142,,2
22day,QLIKE,LSTM,7,8.714285714285714,,4
22day,QLIKE,GRU,7,8.0,,5
22day,QLIKE,Transformer,7,5.571428571428571,,5
22day,QLIKE,GARCHLSTM,7,5.428571428571429,,5
22day,QLIKE,GARCHGRU,7,7.285714285714286,,5
22day,QLIKE,GARCHTransformer,7,6.857142857142857,,5
22day,SquaredError,HistoricalVolatility,7,10.214285714285714,1.0,7
22day,SquaredError,Persistence,7,10.214285714285714,1.0,7
22day,SquaredError,GARCH,7,6.285714285714286,0.6870309113927847,5
22day,SquaredError,EGARCH,7,4.857142857142857,0.8291215673437342,4
22day,SquaredError,GJRGARCH,7,7.142857142857143,0.7698835906344761,4
22day,SquaredError,LinearRegression,7,7.571428571428571,0.8568936428989564,7
22day,SquaredError,RandomForest,7,10.0,1.025324745804348,2
22day,SquaredError,XGBoost,7,10.285714285714286,1.0057211780323003,2
22day,SquaredError,LSTM,7,8.142857142857142,0.8870008334451049,4
22day,SquaredError,GRU,7,7.142857142857143,0.8506484108946477,5
22day,SquaredError,Transformer,7,5.428571428571429,0.8012745953356882,6
22day,SquaredError,GARCHLSTM,7,5.571428571428571,0.769003058728626,5
22day,SquaredError,GARCHGRU,7,7.428571428571429,0.7186477556150344,7
22day,SquaredError,GARCHTransformer,7,4.714285714285714,0.803857189328837,7
22day,AbsoluteError,HistoricalVolatility,7,7.071428571428571,1.0,
22day,AbsoluteError,Persistence,7,7.071428571428571,1.0,
22day,AbsoluteError,GARCH,7,7.285714285714286,0.9139769822267118,
22day,AbsoluteError,EGARCH,7,9.857142857142858,1.1964083153983998,
22day,AbsoluteError,GJRGARCH,7,8.142857142857142,0.9494005293866217,
22day,AbsoluteError,LinearRegression,7,6.0,1.0207347778957339,
22day,AbsoluteError,RandomForest,7,11.714285714285714,1.2147911974637886,
22day,AbsoluteError,XGBoost,7,11.0,1.2318056164457396,
22day,AbsoluteError,LSTM,7,7.857142857142857,1.01869938293601,
22day,AbsoluteError,GRU,7,7.571428571428571,1.0216355233750942,
22day,AbsoluteError,Transformer,7,5.571428571428571,0.9560274070337753,
22day,AbsoluteError,GARCHLSTM,7,5.714285714285714,0.9548744576223139,
22day,AbsoluteError,GARCHGRU,7,6.142857142857143,0.9507116519458054,
22day,AbsoluteError,GARCHTransformer,7,4.0,0.9680704356366033,
