Analysis,Horizon,Index,Loss,Model_A,Model_B,Part_A,Family_A,Part_B,Family_B,N,Start,End,Mean_Loss_A,Mean_Loss_B,Mean_Diff,Direction,DM_Stat,Ref_Dist,HAC_Kernel,HAC_Lag,HAC_Lag_Rule,LongRun_Var,P_Raw,Correction,Test_Family,Family_Size,P_Adj,Alpha,Significant,Status
ablation,1day,^GSPC,QLIKE,GARCHLSTM,LSTM,3,Hybrid,2,Deep Learning,787,2022-12-21,2025-12-29,-1.0748772690568391,-1.0734883359449896,-0.0013889331118493923,A_lower,-2.976296764294147,t(T-1),Bartlett,21,auto_floor_h-1,0.0001713897838153311,0.0030070260695583364,holm,ablation|QLIKE|auto_floor_h-1,63,0.1470212934752085,0.05,False,tested
ablation,1day,^GSPC,QLIKE,GARCHGRU,GRU,3,Hybrid,2,Deep Learning,787,2022-12-21,2025-12-29,-1.0684905432592864,-1.0716790114467967,0.0031884681875104944,B_lower,2.3126494509414877,t(T-1),Bartlett,21,auto_floor_h-1,0.001495957629858249,0.02099936036484938,holm,ablation|QLIKE|auto_floor_h-1,63,0.8606959682288354,0.05,False,tested
ablation,1day,^GSPC,QLIKE,GARCHTransformer,Transformer,3,Hybrid,2,Deep Learning,787,2022-12-21,2025-12-29,-1.0111344424337492,-1.0125941218967809,0.0014596794630316518,B_lower,0.2773734467368951,t(T-1),Bartlett,23,auto_floor_h-1,0.021795154973126465,0.781566302887061,holm,ablation|QLIKE|auto_floor_h-1,63,1.0,0.05,False,tested
ablation,1day,^GSPC,QLIKE,GARCHLSTM,LSTM,3,Hybrid,2,Deep Learning,787,2022-12-21,2025-12-29,-1.0748772690568391,-1.0734883359449896,-0.0013889331118493923,A_lower,-2.976296764294147,t(T-1),Bartlett,21,fixed_21,0.0001713897838153311,0.0030070260695583364,holm,ablation|QLIKE|fixed_21,63,0.14734427740835848,0.05,False,tested
ablation,1day,^GSPC,QLIKE,GARCHGRU,GRU,3,Hybrid,2,Deep Learning,787,2022-12-21,2025-12-29,-1.0684905432592864,-1.0716790114467967,0.0031884681875104944,B_lower,2.3126494509414877,t(T-1),Bartlett,21,fixed_21,0.001495957629858249,0.02099936036484938,holm,ablation|QLIKE|fixed_21,63,0.8606959682288354,0.05,False,tested
ablation,1day,^GSPC,QLIKE,GARCHTransformer,Transformer,3,Hybrid,2,Deep Learning,787,2022-12-21,2025-12-29,-1.0111344424337492,-1.0125941218967809,0.0014596794630316518,B_lower,0.2754765922859728,t(T-1),Bartlett,21,fixed_21,0.02209633898219896,0.7830225101069667,holm,ablation|QLIKE|fixed_21,63,1.0,0.05,False,tested
ablation,1day,^GSPC,SquaredError,GARCHLSTM,LSTM,3,Hybrid,2,Deep Learning,787,2022-12-21,2025-12-29,0.00013094823825156847,0.00017674052160763953,-4.5792283356071054e-05,A_lower,-2.862603795848562,t(T-1),Bartlett,13,auto_floor_h-1,2.0138951017031903e-07,0.004313485443015102,holm,ablation|SquaredError|auto_floor_h-1,63,0.2458686702518608,0.05,False,tested
ablation,1day,^GSPC,SquaredError,GARCHGRU,GRU,3,Hybrid,2,Deep Learning,787,2022-12-21,2025-12-29,0.000520502011892534,0.00032250946516426676,0.00019799254672826726,B_lower,1.4510237396240218,t(T-1),Bartlett,20,auto_floor_h-1,1.4652893076240759e-05,0.147172219205195,holm,ablation|SquaredError|auto_floor_h-1,63,1.0,0.05,False,tested
ablation,1day,^GSPC,SquaredError,GARCHTransformer,Transformer,3,Hybrid,2,Deep Learning,787,2022-12-21,2025-12-29,0.002975756067744016,0.0029620614067195445,1.3694661024471984e-05,B_lower,0.07187321088405166,t(T-1),Bartlett,21,auto_floor_h-1,2.857216911465753e-05,0.9427210935113679,holm,ablation|SquaredError|auto_floor_h-1,63,1.0,0.05,False,tested
ablation,1day,^GSPC,SquaredError,GARCHLSTM,LSTM,3,Hybrid,2,Deep Learning,787,2022-12-21,2025-12-29,0.00013094823825156847,0.00017674052160763953,-4.5792283356071054e-05,A_lower,-2.9331641695604302,t(T-1),Bartlett,21,fixed_21,1.9181677673451538e-07,0.0034528121670320167,holm,ablation|SquaredError|fixed_21,63,0.19681029352082496,0.05,False,tested
ablation,1day,^GSPC,SquaredError,GARCHGRU,GRU,3,Hybrid,2,Deep Learning,787,2022-12-21,2025-12-29,0.000520502011892534,0.00032250946516426676,0.00019799254672826726,B_lower,1.4594128251315561,t(T-1),Bartlett,21,fixed_21,1.4484919943262161e-05,0.144851043658922,holm,ablation|SquaredError|fixed_21,63,1.0,0.05,False,tested
ablation,1day,^GSPC,SquaredError,GARCHTransformer,Transformer,3,Hybrid,2,Deep Learning,787,2022-12-21,2025-12-29,0.002975756067744016,0.0029620614067195445,1.3694661024471984e-05,B_lower,0.07187321088405166,t(T-1),Bartlett,21,fixed_21,2.857216911465753e-05,0.9427210935113679,holm,ablation|SquaredError|fixed_21,63,1.0,0.05,False,tested
ablation,1day,^IXIC,QLIKE,GARCHLSTM,LSTM,3,Hybrid,2,Deep Learning,787,2022-12-21,2025-12-29,-0.7513197149238815,-0.7485684197944338,-0.002751295129447655,A_lower,-3.526092366881627,t(T-1),Bartlett,22,auto_floor_h-1,0.00047913922041371604,0.0004461713237359985,holm,ablation|QLIKE|auto_floor_h-1,63,0.024985594129215916,0.05,True,tested
ablation,1day,^IXIC,QLIKE,GARCHGRU,GRU,3,Hybrid,2,Deep Learning,787,2022-12-21,2025-12-29,-0.7503522807078232,-0.7503035306989608,-4.8750008862577324e-05,A_lower,-0.07040256852010172,t(T-1),Bartlett,22,auto_floor_h-1,0.0003773524051796433,0.943891154960904,holm,ablation|QLIKE|auto_floor_h-1,63,1.0,0.05,False,tested
ablation,1day,^IXIC,QLIKE,GARCHTransformer,Transformer,3,Hybrid,2,Deep Learning,787,2022-12-21,2025-12-29,-0.7022611164266779,-0.681439717016551,-0.020821399410126805,A_lower,-2.3653500744702853,t(T-1),Bartlett,25,auto_floor_h-1,0.060982287469498755,0.018254917196685316,holm,ablation|QLIKE|auto_floor_h-1,63,0.7849614394574687,0.05,False,tested
ablation,1day,^IXIC,QLIKE,GARCHLSTM,LSTM,3,Hybrid,2,Deep Learning,787,2022-12-21,2025-12-29,-0.7513197149238815,-0.7485684197944338,-0.002751295129447655,A_lower,-3.5492395766607667,t(T-1),Bartlett,21,fixed_21,0.00047290995897700337,0.00040929290142493243,holm,ablation|QLIKE|fixed_21,63,0.022920402479796216,0.05,True,tested
ablation,1day,^IXIC,QLIKE,GARCHGRU,GRU,3,Hybrid,2,Deep Learning,787,2022-12-21,2025-12-29,-0.7503522807078232,-0.7503035306989608,-4.8750008862577324e-05,A_lower,-0.07079910095189114,t(T-1),Bartlett,21,fixed_21,0.00037313728286235474,0.9435756567517152,holm,ablation|QLIKE|fixed_21,63,1.0,0.05,False,tested
ablation,1day,^IXIC,QLIKE,GARCHTransformer,Transformer,3,Hybrid,2,Deep Learning,787,2022-12-21,2025-12-29,-0.7022611164266779,-0.681439717016551,-0.020821399410126805,A_lower,-2.456069790160833,t(T-1),Bartlett,21,fixed_21,0.05656048907468783,0.01426192016666634,holm,ablation|QLIKE|fixed_21,63,0.6132625671666526,0.05,False,tested
ablation,1day,^IXIC,SquaredError,GARCHLSTM,LSTM,3,Hybrid,2,Deep Learning,787,2022-12-21,2025-12-29,0.000276082010923077,0.000496590569327038,-0.00022050855840396097,A_lower,-2.598757784116631,t(T-1),Bartlett,22,auto_floor_h-1,5.666227741092933e-06,0.00953152013368339,holm,ablation|SquaredError|auto_floor_h-1,63,0.47657600668416955,0.05,False,tested
ablation,1day,^IXIC,SquaredError,GARCHGRU,GRU,3,Hybrid,2,Deep Learning,787,2022-12-21,2025-12-29,0.0003858221366988333,0.0004085139829543365,-2.269184625550324e-05,A_lower,-0.4745590122329827,t(T-1),Bartlett,10,auto_floor_h-1,1.7994258138979316e-06,0.6352331434153232,holm,ablation|SquaredError|auto_floor_h-1,63,1.0,0.05,False,tested
ablation,1day,^IXIC,SquaredError,GARCHTransformer,Transformer,3,Hybrid,2,Deep Learning,787,2022-12-21,2025-12-29,0.004116591390348294,0.005410386802292245,-0.0012937954119439526,A_lower,-1.68697131965935,t(T-1),Bartlett,24,auto_floor_h-1,0.0004629035884151381,0.0920056542499862,holm,ablation|SquaredError|auto_floor_h-1,63,1.0,0.05,False,tested
ablation,1day,^IXIC,SquaredError,GARCHLSTM,LSTM,3,Hybrid,2,Deep Learning,787,2022-12-21,2025-12-29,0.000276082010923077,0.000496590569327038,-0.00022050855840396097,A_lower,-2.6132427225102077,t(T-1),Bartlett,21,fixed_21,5.603587181549673e-06,0.009140221699033564,holm,ablation|SquaredError|fixed_21,63,0.4570110849516782,0.05,False,tested
ablation,1day,^IXIC,SquaredError,GARCHGRU,GRU,3,Hybrid,2,Deep Learning,787,2022-12-21,2025-12-29,0.0003858221366988333,0.0004085139829543365,-2.269184625550324e-05,A_lower,-0.48541358062336953,t(T-1),Bartlett,21,fixed_21,1.719849925720862e-06,0.6275182724063264,holm,ablation|SquaredError|fixed_21,63,1.0,0.05,False,tested
ablation,1day,^IXIC,SquaredError,GARCHTransformer,Transformer,3,Hybrid,2,Deep Learning,787,2022-12-21,2025-12-29,0.004116591390348294,0.005410386802292245,-0.0012937954119439526,A_lower,-1.733556266758292,t(T-1),Bartlett,21,fixed_21,0.000438359134905819,0.08338899154388002,holm,ablation|SquaredError|fixed_21,63,1.0,0.05,False,tested
ablation,1day,^FTSE,QLIKE,GARCHLSTM,LSTM,3,Hybrid,2,Deep Learning,787,2022-12-21,2025-12-29,-1.3444785403976531,-1.3449193016863175,0.0004407612886639882,B_lower,1.0274593947051216,t(T-1),Bartlett,19,auto_floor_h-1,0.00014482791738708585,0.3045202777146221,holm,ablation|QLIKE|auto_floor_h-1,63,1.0,0.05,False,tested
ablation,1day,^FTSE,QLIKE,GARCHGRU,GRU,3,Hybrid,2,Deep Learning,787,2022-12-21,2025-12-29,-1.3409152452445925,-1.3295803230669516,-0.011334922177640882,A_lower,-3.28481435740174,t(T-1),Bartlett,20,auto_floor_h-1,0.00937109104496249,0.0010656910028463457,holm,ablation|QLIKE|auto_floor_h-1,63,0.05648162315085632,0.05,False,tested
ablation,1day,^FTSE,QLIKE,GARCHTransformer,Transformer,3,Hybrid,2,Deep Learning,787,2022-12-21,2025-12-29,-1.3121121075859894,-1.3075956382638765,-0.00451646932211288,A_lower,-0.7561021064644845,t(T-1),Bartlett,24,auto_floor_h-1,0.02808096095798067,0.44981452323943094,holm,ablation|QLIKE|auto_floor_h-1,63,1.0,0.05,False,tested
ablation,1day,^FTSE,QLIKE,GARCHLSTM,LSTM,3,Hybrid,2,Deep Learning,787,2022-12-21,2025-12-29,-1.3444785403976531,-1.3449193016863175,0.0004407612886639882,B_lower,1.022271919786705,t(T-1),Bartlett,21,fixed_21,0.00014630149280626112,0.3069667467070298,holm,ablation|QLIKE|fixed_21,63,1.0,0.05,False,tested
ablation,1day,^FTSE,QLIKE,GARCHGRU,GRU,3,Hybrid,2,Deep Learning,787,2022-12-21,2025-12-29,-1.3409152452445925,-1.3295803230669516,-0.011334922177640882,A_lower,-3.2717646396061473,t(T-1),Bartlett,21,fixed_21,0.009445994951207369,0.0011154158321587135,holm,ablation|QLIKE|fixed_21,63,0.058001623272253104,0.05,False,tested
ablation,1day,^FTSE,QLIKE,GARCHTransformer,Transformer,3,Hybrid,2,Deep Learning,787,2022-12-21,2025-12-29,-1.3121121075859894,-1.3075956382638765,-0.00451646932211288,A_lower,-0.7747387445991879,t(T-1),Bartlett,21,fixed_21,0.026746213721628005,0.43872704482539204,holm,ablation|QLIKE|fixed_21,63,1.0,0.05,False,tested
ablation,1day,^FTSE,SquaredError,GARCHLSTM,LSTM,3,Hybrid,2,Deep Learning,787,2022-12-21,2025-12-29,0.00014116861589467115,0.00012367380078766023,1.7494815107010902e-05,B_lower,0.974142798681038,t(T-1),Bartlett,18,auto_floor_h-1,2.538330672375009e-07,0.3302853392081368,holm,ablation|SquaredError|auto_floor_h-1,63,1.0,0.05,False,tested
ablation,1day,^FTSE,SquaredError,GARCHGRU,GRU,3,Hybrid,2,Deep Learning,787,2022-12-21,2025-12-29,0.00020384594715339076,0.0006462081652096309,-0.00044236221805624013,A_lower,-2.9573912402372877,t(T-1),Bartlett,17,auto_floor_h-1,1.7608129436183456e-05,0.00319551229644023,holm,ablation|SquaredError|auto_floor_h-1,63,0.18533971319353335,0.05,False,tested
ablation,1day,^FTSE,SquaredError,GARCHTransformer,Transformer,3,Hybrid,2,Deep Learning,787,2022-12-21,2025-12-29,0.0013215022795641722,0.001616322059373185,-0.0002948197798090131,A_lower,-1.0712183264955168,t(T-1),Bartlett,24,auto_floor_h-1,5.961176480833894e-05,0.2844000855566881,holm,ablation|SquaredError|auto_floor_h-1,63,1.0,0.05,False,tested
ablation,1day,^FTSE,SquaredError,GARCHLSTM,LSTM,3,Hybrid,2,Deep Learning,787,2022-12-21,2025-12-29,0.00014116861589467115,0.00012367380078766023,1.7494815107010902e-05,B_lower,0.9716543606652724,t(T-1),Bartlett,21,fixed_21,2.551348813701662e-07,0.33152144127319255,holm,ablation|SquaredError|fixed_21,63,1.0,0.05,False,tested
ablation,1day,^FTSE,SquaredError,GARCHGRU,GRU,3,Hybrid,2,Deep Learning,787,2022-12-21,2025-12-29,0.00020384594715339076,0.0006462081652096309,-0.00044236221805624013,A_lower,-2.9390440384303433,t(T-1),Bartlett,21,fixed_21,1.782865574525204e-05,0.0033886861884339452,holm,ablation|SquaredError|fixed_21,63,0.19654379892916882,0.05,False,tested
ablation,1day,^FTSE,SquaredError,GARCHTransformer,Transformer,3,Hybrid,2,Deep Learning,787,2022-12-21,2025-12-29,0.0013215022795641722,0.001616322059373185,-0.0002948197798090131,A_lower,-1.1085865792143628,t(T-1),Bartlett,21,fixed_21,5.566070900907661e-05,0.26794766265307174,holm,ablation|SquaredError|fixed_21,63,1.0,0.05,False,tested
ablation,1day,^GDAXI,QLIKE,GARCHLSTM,LSTM,3,Hybrid,2,Deep Learning,787,2022-12-21,2025-12-29,-1.061587480613038,-1.0635831737370285,0.0019956931239901794,B_lower,3.5173953697544738,t(T-1),Bartlett,21,auto_floor_h-1,0.00025334939950283526,0.00046081353982961744,holm,ablation|QLIKE|auto_floor_h-1,63,0.02534474469062896,0.05,True,tested
ablation,1day,^GDAXI,QLIKE,GARCHGRU,GRU,3,Hybrid,2,Deep Learning,787,2022-12-21,2025-12-29,-1.0571996928697927,-1.0617619462820014,0.004562253412208701,B_lower,3.47012244772713,t(T-1),Bartlett,23,auto_floor_h-1,0.0013603289551975795,0.0005485750945603758,holm,ablation|QLIKE|auto_floor_h-1,63,0.029623055106260295,0.05,True,tested
ablation,1day,^GDAXI,QLIKE,GARCHTransformer,Transformer,3,Hybrid,2,Deep Learning,787,2022-12-21,2025-12-29,-1.0293448143561224,-1.020348054242792,-0.008996760113330221,A_lower,-1.6827292291551277,t(T-1),Bartlett,24,auto_floor_h-1,0.022496685489732243,0.0928246653064766,holm,ablation|QLIKE|auto_floor_h-1,63,1.0,0.05,False,tested
ablation,1day,^GDAXI,QLIKE,GARCHLSTM,LSTM,3,Hybrid,2,Deep Learning,787,2022-12-21,2025-12-29,-1.061587480613038,-1.0635831737370285,0.0019956931239901794,B_lower,3.5173953697544738,t(T-1),Bartlett,21,fixed_21,0.00025334939950283526,0.00046081353982961744,holm,ablation|QLIKE|fixed_21,63,0.024883931150799343,0.05,True,tested
ablation,1day,^GDAXI,QLIKE,GARCHGRU,GRU,3,Hybrid,2,Deep Learning,787,2022-12-21,2025-12-29,-1.0571996928697927,-1.0617619462820014,0.004562253412208701,B_lower,3.5427534109921437,t(T-1),Bartlett,21,fixed_21,0.0013051237475527329,0.0004193282613647309,holm,ablation|QLIKE|fixed_21,63,0.0230630543750602,0.05,True,tested
ablation,1day,^GDAXI,QLIKE,GARCHTransformer,Transformer,3,Hybrid,2,Deep Learning,787,2022-12-21,2025-12-29,-1.0293448143561224,-1.020348054242792,-0.008996760113330221,A_lower,-1.7316923833560043,t(T-1),Bartlett,21,fixed_21,0.021242494786381787,0.08372070379282441,holm,ablation|QLIKE|fixed_21,63,1.0,0.05,False,tested
ablation,1day,^GDAXI,SquaredError,GARCHLSTM,LSTM,3,Hybrid,2,Deep Learning,787,2022-12-21,2025-12-29,0.00020935061555434048,0.0001038009687394407,0.00010554964681489978,B_lower,2.5350143511684484,t(T-1),Bartlett,20,auto_floor_h-1,1.3643552193704739e-06,0.011437119583133695,holm,ablation|SquaredError|auto_floor_h-1,63,0.5604188595735511,0.05,False,tested
ablation,1day,^GDAXI,SquaredError,GARCHGRU,GRU,3,Hybrid,2,Deep Learning,787,2022-12-21,2025-12-29,0.00028615863994561175,0.00018175628136095037,0.00010440235858466137,B_lower,3.1203048824096156,t(T-1),Bartlett,15,auto_floor_h-1,8.810514923985614e-07,0.001872660245250948,holm,ablation|SquaredError|auto_floor_h-1,63,0.11235961471505687,0.05,False,tested
ablation,1day,^GDAXI,SquaredError,GARCHTransformer,Transformer,3,Hybrid,2,Deep Learning,787,2022-12-21,2025-12-29,0.0015224450017709689,0.0020087174630951158,-0.0004862724613241467,A_lower,-1.231242180930451,t(T-1),Bartlett,24,auto_floor_h-1,0.00012275723896235124,0.218600572636891,holm,ablation|SquaredError|auto_floor_h-1,63,1.0,0.05,False,tested
ablation,1day,^GDAXI,SquaredError,GARCHLSTM,LSTM,3,Hybrid,2,Deep Learning,787,2022-12-21,2025-12-29,0.00020935061555434048,0.0001038009687394407,0.00010554964681489978,B_lower,2.5030623405502137,t(T-1),Bartlett,21,fixed_21,1.3994099868209334e-06,0.012514240485674689,holm,ablation|SquaredError|fixed_21,63,0.6131977837980598,0.05,False,tested
ablation,1day,^GDAXI,SquaredError,GARCHGRU,GRU,3,Hybrid,2,Deep Learning,787,2022-12-21,2025-12-29,0.00028615863994561175,0.00018175628136095037,0.00010440235858466137,B_lower,3.0574769231256687,t(T-1),Bartlett,21,fixed_21,9.176329018505707e-07,0.002307722421214765,holm,ablation|SquaredError|fixed_21,63,0.13615562285167113,0.05,False,tested
ablation,1day,^GDAXI,SquaredError,GARCHTransformer,Transformer,3,Hybrid,2,Deep Learning,787,2022-12-21,2025-12-29,0.0015224450017709689,0.0020087174630951158,-0.0004862724613241467,A_lower,-1.2537698590018465,t(T-1),Bartlett,21,fixed_21,0.00011838547817655037,0.2102984419704095,holm,ablation|SquaredError|fixed_21,63,1.0,0.05,False,tested
ablation,1day,^N225,QLIKE,GARCHLSTM,LSTM,3,Hybrid,2,Deep Learning,787,2022-12-21,2025-12-29,-0.7341957643845757,-0.7342565958926367,6.0831508060973975e-05,B_lower,0.30662845647254655,t(T-1),Bartlett,5,auto_floor_h-1,3.097469116377789e-05,0.7592074003686434,holm,ablation|QLIKE|auto_floor_h-1,63,1.0,0.05,False,tested
ablation,1day,^N225,QLIKE,GARCHGRU,GRU,3,Hybrid,2,Deep Learning,787,2022-12-21,2025-12-29,-0.7341755327566338,-0.7220491000924059,-0.01212643266422786,A_lower,-3.7807287560426004,t(T-1),Bartlett,14,auto_floor_h-1,0.00809635999680133,0.0001682151188285828,holm,ablation|QLIKE|auto_floor_h-1,63,0.009924692010886386,0.05,True,tested
ablation,1day,^N225,QLIKE,GARCHTransformer,Transformer,3,Hybrid,2,Deep Learning,787,2022-12-21,2025-12-29,-0.6844994752161601,-0.671344968419749,-0.013154506796411192,A_lower,-1.006904571282708,t(T-1),Bartlett,25,auto_floor_h-1,0.13432202999762466,0.31429050494219607,holm,ablation|QLIKE|auto_floor_h-1,63,1.0,0.05,False,tested
ablation,1day,^N225,QLIKE,GARCHLSTM,LSTM,3,Hybrid,2,Deep Learning,787,2022-12-21,2025-12-29,-0.7341957643845757,-0.7342565958926367,6.0831508060973975e-05,B_lower,0.3045780725405478,t(T-1),Bartlett,21,fixed_21,3.1393130872866075e-05,0.7607681467731818,holm,ablation|QLIKE|fixed_21,63,1.0,0.05,False,tested
ablation,1day,^N225,QLIKE,GARCHGRU,GRU,3,Hybrid,2,Deep Learning,787,2022-12-21,2025-12-29,-0.7341755327566338,-0.7220491000924059,-0.01212643266422786,A_lower,-3.7746932751789317,t(T-1),Bartlett,21,fixed_21,0.008122271766858811,0.00017226537003297307,holm,ablation|QLIKE|fixed_21,63,0.010163656831945412,0.05,True,tested
ablation,1day,^N225,QLIKE,GARCHTransformer,Transformer,3,Hybrid,2,Deep Learning,787,2022-12-21,2025-12-29,-0.6844994752161601,-0.671344968419749,-0.013154506796411192,A_lower,-1.0434264078069655,t(T-1),Bartlett,21,fixed_21,0.1250835572821437,0.2970716560097886,holm,ablation|QLIKE|fixed_21,63,1.0,0.05,False,tested
ablation,1day,^N225,SquaredError,GARCHLSTM,LSTM,3,Hybrid,2,Deep Learning,787,2022-12-21,2025-12-29,0.000456603038036291,0.0004281457372339491,2.845730080234185e-05,B_lower,0.8335199546858625,t(T-1),Bartlett,3,auto_floor_h-1,9.173395934776051e-07,0.40480476744480925,holm,ablation|SquaredError|auto_floor_h-1,63,1.0,0.05,False,tested
ablation,1day,^N225,SquaredError,GARCHGRU,GRU,3,Hybrid,2,Deep Learning,787,2022-12-21,2025-12-29,0.0004522548439954968,0.0017791702637553108,-0.0013269154197598138,A_lower,-2.733420957924099,t(T-1),Bartlett,17,auto_floor_h-1,0.00018545911129289966,0.006408917157582685,holm,ablation|SquaredError|auto_floor_h-1,63,0.33326369219429963,0.05,False,tested
ablation,1day,^N225,SquaredError,GARCHTransformer,Transformer,3,Hybrid,2,Deep Learning,787,2022-12-21,2025-12-29,0.00749115572639166,0.00824866287580084,-0.0007575071494091808,A_lower,-0.7480535650875476,t(T-1),Bartlett,24,auto_floor_h-1,0.000807017236229697,0.4546516059137947,holm,ablation|SquaredError|auto_floor_h-1,63,1.0,0.05,False,tested
ablation,1day,^N225,SquaredError,GARCHLSTM,LSTM,3,Hybrid,2,Deep Learning,787,2022-12-21,2025-12-29,0.000456603038036291,0.0004281457372339491,2.845730080234185e-05,B_lower,0.9333733306442679,t(T-1),Bartlett,21,fixed_21,7.315623835079728e-07,0.3509138759544913,holm,ablation|SquaredError|fixed_21,63,1.0,0.05,False,tested
ablation,1day,^N225,SquaredError,GARCHGRU,GRU,3,Hybrid,2,Deep Learning,787,2022-12-21,2025-12-29,0.0004522548439954968,0.0017791702637553108,-0.0013269154197598138,A_lower,-2.664420297239198,t(T-1),Bartlett,21,fixed_21,0.0001951891835395095,0.007870191982600682,holm,ablation|SquaredError|fixed_21,63,0.40924998309523547,0.05,False,tested
ablation,1day,^N225,SquaredError,GARCHTransformer,Transformer,3,Hybrid,2,Deep Learning,787,2022-12-21,2025-12-29,0.00749115572639166,0.00824866287580084,-0.0007575071494091808,A_lower,-0.7623862918433956,t(T-1),Bartlett,21,fixed_21,0.0007769589018550426,0.44605820492687737,holm,ablation|SquaredError|fixed_21,63,1.0,0.05,False,tested
ablation,1day,^HSI,QLIKE,GARCHLSTM,LSTM,3,Hybrid,2,Deep Learning,787,2022-12-21,2025-12-29,-0.548604795077392,-0.5471761811593933,-0.0014286139179988573,A_lower,-4.85817460026047,t(T-1),Bartlett,11,auto_floor_h-1,6.80547194381549e-05,1.4301505764992933e-06,holm,ablation|QLIKE|auto_floor_h-1,63,9.009948631945547e-05,0.05,True,tested
ablation,1day,^HSI,QLIKE,GARCHGRU,GRU,3,Hybrid,2,Deep Learning,787,2022-12-21,2025-12-29,-0.5442203941913694,-0.5456690288621531,0.0014486346707837216,B_lower,1.5262607803680632,t(T-1),Bartlett,18,auto_floor_h-1,0.000708981648066428,0.12734720529278434,holm,ablation|QLIKE|auto_floor_h-1,63,1.0,0.05,False,tested
ablation,1day,^HSI,QLIKE,GARCHTransformer,Transformer,3,Hybrid,2,Deep Learning,787,2022-12-21,2025-12-29,-0.4785031143363046,-0.48448488125540035,0.005981766919095733,B_lower,1.0402857417937246,t(T-1),Bartlett,21,auto_floor_h-1,0.026021265475739287,0.2985270517491557,holm,ablation|QLIKE|auto_floor_h-1,63,1.0,0.05,False,tested
ablation,1day,^HSI,QLIKE,GARCHLSTM,LSTM,3,Hybrid,2,Deep Learning,787,2022-12-21,2025-12-29,-0.548604795077392,-0.5471761811593933,-0.0014286139179988573,A_lower,-4.52374689510811,t(T-1),Bartlett,21,fixed_21,7.848883626768562e-05,7.01332734749655e-06,holm,ablation|QLIKE|fixed_21,63,0.00044183962289228264,0.05,True,tested
ablation,1day,^HSI,QLIKE,GARCHGRU,GRU,3,Hybrid,2,Deep Learning,787,2022-12-21,2025-12-29,-0.5442203941913694,-0.5456690288621531,0.0014486346707837216,B_lower,1.5353965220894137,t(T-1),Bartlett,21,fixed_21,0.0007005697446175485,0.12508887395489843,holm,ablation|QLIKE|fixed_21,63,1.0,0.05,False,tested
ablation,1day,^HSI,QLIKE,GARCHTransformer,Transformer,3,Hybrid,2,Deep Learning,787,2022-12-21,2025-12-29,-0.4785031143363046,-0.48448488125540035,0.005981766919095733,B_lower,1.0402857417937246,t(T-1),Bartlett,21,fixed_21,0.026021265475739287,0.2985270517491557,holm,ablation|QLIKE|fixed_21,63,1.0,0.05,False,tested
ablation,1day,^HSI,SquaredError,GARCHLSTM,LSTM,3,Hybrid,2,Deep Learning,787,2022-12-21,2025-12-29,0.0005406322839764092,0.0006384105087459185,-9.777822476950928e-05,A_lower,-1.9345880570006513,t(T-1),Bartlett,10,auto_floor_h-1,2.010397908607907e-06,0.05339941238828243,holm,ablation|SquaredError|auto_floor_h-1,63,1.0,0.05,False,tested
ablation,1day,^HSI,SquaredError,GARCHGRU,GRU,3,Hybrid,2,Deep Learning,787,2022-12-21,2025-12-29,0.0010560916646553007,0.0012704665262120685,-0.00021437486155676785,A_lower,-0.6559674791929703,t(T-1),Bartlett,21,auto_floor_h-1,8.405389212416874e-05,0.5120370165357107,holm,ablation|SquaredError|auto_floor_h-1,63,1.0,0.05,False,tested
ablation,1day,^HSI,SquaredError,GARCHTransformer,Transformer,3,Hybrid,2,Deep Learning,787,2022-12-21,2025-12-29,0.008064272518166058,0.00757372414839531,0.0004905483697707488,B_lower,0.9307617444431682,t(T-1),Bartlett,20,auto_floor_h-1,0.00021860563677963767,0.35226260259150066,holm,ablation|SquaredError|auto_floor_h-1,63,1.0,0.05,False,tested
ablation,1day,^HSI,SquaredError,GARCHLSTM,LSTM,3,Hybrid,2,Deep Learning,787,2022-12-21,2025-12-29,0.0005406322839764092,0.0006384105087459185,-9.777822476950928e-05,A_lower,-1.8567317911055423,t(T-1),Bartlett,21,fixed_21,2.182532309259197e-06,0.06372327194029456,holm,ablation|SquaredError|fixed_21,63,1.0,0.05,False,tested
ablation,1day,^HSI,SquaredError,GARCHGRU,GRU,3,Hybrid,2,Deep Learning,787,2022-12-21,2025-12-29,0.0010560916646553007,0.0012704665262120685,-0.00021437486155676785,A_lower,-0.6559674791929703,t(T-1),Bartlett,21,fixed_21,8.405389212416874e-05,0.5120370165357107,holm,ablation|SquaredError|fixed_21,63,1.0,0.05,False,tested
ablation,1day,^HSI,SquaredError,GARCHTransformer,Transformer,3,Hybrid,2,Deep Learning,787,2022-12-21,2025-12-29,0.008064272518166058,0.00757372414839531,0.0004905483697707488,B_lower,0.9381352217663831,t(T-1),Bartlett,21,fixed_21,0.00021518278430930594,0.3484631009585028,holm,ablation|SquaredError|fixed_21,63,1.0,0.05,False,tested
ablation,1day,000001.SS,QLIKE,GARCHLSTM,LSTM,3,Hybrid,2,Deep Learning,787,2022-12-21,2025-12-29,-1.0938680152145779,-1.0941563309897386,0.0002883157751609445,B_lower,0.6685907487816198,t(T-1),Bartlett,22,auto_floor_h-1,0.00014634935649010983,0.5039528760241814,holm,ablation|QLIKE|auto_floor_h-1,63,1.0,0.05,False,tested
ablation,1day,000001.SS,QLIKE,GARCHGRU,GRU,3,Hybrid,2,Deep Learning,787,2022-12-21,2025-12-29,-1.094193093735386,-1.0896238160966627,-0.004569277638723542,A_lower,-4.081866241451148,t(T-1),Bartlett,20,auto_floor_h-1,0.0009861711399613915,4.924318307659668e-05,holm,ablation|QLIKE|auto_floor_h-1,63,0.003003834167672397,0.05,True,tested
ablation,1day,000001.SS,QLIKE,GARCHTransformer,Transformer,3,Hybrid,2,Deep Learning,787,2022-12-21,2025-12-29,-1.0400982652998576,-1.0452956625199312,0.0051973972200735925,B_lower,0.7092424713699487,t(T-1),Bartlett,22,auto_floor_h-1,0.04226268482651141,0.4783843423232542,holm,ablation|QLIKE|auto_floor_h-1,63,1.0,0.05,False,tested
ablation,1day,000001.SS,QLIKE,GARCHLSTM,LSTM,3,Hybrid,2,Deep Learning,787,2022-12-21,2025-12-29,-1.0938680152145779,-1.0941563309897386,0.0002883157751609445,B_lower,0.6729466534569307,t(T-1),Bartlett,21,fixed_21,0.00014446088386347257,0.501179028446004,holm,ablation|QLIKE|fixed_21,63,1.0,0.05,False,tested
ablation,1day,000001.SS,QLIKE,GARCHGRU,GRU,3,Hybrid,2,Deep Learning,787,2022-12-21,2025-12-29,-1.094193093735386,-1.0896238160966627,-0.004569277638723542,A_lower,-4.041179098847175,t(T-1),Bartlett,21,fixed_21,0.0010061289167469598,5.840988796763113e-05,holm,ablation|QLIKE|fixed_21,63,0.003563003166025499,0.05,True,tested
ablation,1day,000001.SS,QLIKE,GARCHTransformer,Transformer,3,Hybrid,2,Deep Learning,787,2022-12-21,2025-12-29,-1.0400982652998576,-1.0452956625199312,0.0051973972200735925,B_lower,0.7154160201908509,t(T-1),Bartlett,21,fixed_21,0.04153643604124106,0.4745644724822237,holm,ablation|QLIKE|fixed_21,63,1.0,0.05,False,tested
ablation,1day,000001.SS,SquaredError,GARCHLSTM,LSTM,3,Hybrid,2,Deep Learning,787,2022-12-21,2025-12-29,0.00031592658464545223,0.0002756476183941867,4.027896625126561e-05,B_lower,1.2688132809613133,t(T-1),Bartlett,20,auto_floor_h-1,7.93114578010289e-07,0.20488328595333904,holm,ablation|SquaredError|auto_floor_h-1,63,1.0,0.05,False,tested
ablation,1day,000001.SS,SquaredError,GARCHGRU,GRU,3,Hybrid,2,Deep Learning,787,2022-12-21,2025-12-29,0.0002778840355084871,0.00045785330229942424,-0.00017996926679093715,A_lower,-3.647954518204585,t(T-1),Bartlett,19,auto_floor_h-1,1.9154578379049323e-06,0.00028177838396519167,holm,ablation|SquaredError|auto_floor_h-1,63,0.017470259805841885,0.05,True,tested
ablation,1day,000001.SS,SquaredError,GARCHTransformer,Transformer,3,Hybrid,2,Deep Learning,787,2022-12-21,2025-12-29,0.0035909602588444106,0.003743263777491269,-0.00015230351864685903,A_lower,-0.33257500849281346,t(T-1),Bartlett,22,auto_floor_h-1,0.00016504994519697962,0.7395437884065333,holm,ablation|SquaredError|auto_floor_h-1,63,1.0,0.05,False,tested
ablation,1day,000001.SS,SquaredError,GARCHLSTM,LSTM,3,Hybrid,2,Deep Learning,787,2022-12-21,2025-12-29,0.00031592658464545223,0.0002756476183941867,4.027896625126561e-05,B_lower,1.2551911151033763,t(T-1),Bartlett,21,fixed_21,8.104228013474446e-07,0.20978243880501088,holm,ablation|SquaredError|fixed_21,63,1.0,0.05,False,tested
ablation,1day,000001.SS,SquaredError,GARCHGRU,GRU,3,Hybrid,2,Deep Learning,787,2022-12-21,2025-12-29,0.0002778840355084871,0.00045785330229942424,-0.00017996926679093715,A_lower,-3.5521358733297745,t(T-1),Bartlett,21,fixed_21,2.0201903283450425e-06,0.00040488474776677525,holm,ablation|SquaredError|fixed_21,63,0.025102854361540066,0.05,True,tested
ablation,1day,000001.SS,SquaredError,GARCHTransformer,Transformer,3,Hybrid,2,Deep Learning,787,2022-12-21,2025-12-29,0.0035909602588444106,0.003743263777491269,-0.00015230351864685903,A_lower,-0.33449952509312425,t(T-1),Bartlett,21,fixed_21,0.0001631562050065499,0.7380918857365476,holm,ablation|SquaredError|fixed_21,63,1.0,0.05,False,tested
ablation,5day,^GSPC,QLIKE,GARCHLSTM,LSTM,3,Hybrid,2,Deep Learning,787,2022-12-15,2025-12-23,-1.0591556951157939,-1.0482991160948005,-0.010856579020993294,A_lower,-2.9129200370490986,t(T-1),Bartlett,20,auto_floor_h-1,0.010932100160922538,0.0036821501512944287,holm,ablation|QLIKE|auto_floor_h-1,63,0.17120940104716972,0.05,False,tested
ablation,5day,^GSPC,QLIKE,GARCHGRU,GRU,3,Hybrid,2,Deep Learning,787,2022-12-15,2025-12-23,-1.0648700808023874,-1.0579327362506363,-0.006937344551750959,A_lower,-3.078328488189195,t(T-1),Bartlett,21,auto_floor_h-1,0.003996974144996154,0.002153990178791957,holm,ablation|QLIKE|auto_floor_h-1,63,0.10769950893959786,0.05,False,tested
ablation,5day,^GSPC,QLIKE,GARCHTransformer,Transformer,3,Hybrid,2,Deep Learning,787,2022-12-15,2025-12-23,-1.0087148882396395,-1.0211188642704343,0.01240397603079466,B_lower,0.9898182766077729,t(T-1),Bartlett,24,auto_floor_h-1,0.12359065440104959,0.322567554232825,holm,ablation|QLIKE|auto_floor_h-1,63,1.0,0.05,False,tested
ablation,5day,^GSPC,QLIKE,GARCHLSTM,LSTM,3,Hybrid,2,Deep Learning,787,2022-12-15,2025-12-23,-1.0591556951157939,-1.0482991160948005,-0.010856579020993294,A_lower,-2.9059556065401995,t(T-1),Bartlett,21,fixed_21,0.010984562824518282,0.0037642006195469035,holm,ablation|QLIKE|fixed_21,63,0.18068162973825136,0.05,False,tested
ablation,5day,^GSPC,QLIKE,GARCHGRU,GRU,3,Hybrid,2,Deep Learning,787,2022-12-15,2025-12-23,-1.0648700808023874,-1.0579327362506363,-0.006937344551750959,A_lower,-3.078328488189195,t(T-1),Bartlett,21,fixed_21,0.003996974144996154,0.002153990178791957,holm,ablation|QLIKE|fixed_21,63,0.10769950893959786,0.05,False,tested
ablation,5day,^GSPC,QLIKE,GARCHTransformer,Transformer,3,Hybrid,2,Deep Learning,787,2022-12-15,2025-12-23,-1.0087148882396395,-1.0211188642704343,0.01240397603079466,B_lower,1.019708158808832,t(T-1),Bartlett,21,fixed_21,0.11645141787360112,0.30818064658458527,holm,ablation|QLIKE|fixed_21,63,1.0,0.05,False,tested
ablation,5day,^GSPC,SquaredError,GARCHLSTM,LSTM,3,Hybrid,2,Deep Learning,787,2022-12-15,2025-12-23,0.001057074105135403,0.0019362519099746587,-0.0008791778048392559,A_lower,-1.86843803154753,t(T-1),Bartlett,22,auto_floor_h-1,0.00017424918934659685,0.062072851198829215,holm,ablation|SquaredError|auto_floor_h-1,63,1.0,0.05,False,tested
ablation,5day,^GSPC,SquaredError,GARCHGRU,GRU,3,Hybrid,2,Deep Learning,787,2022-12-15,2025-12-23,0.0006120354645590638,0.0008594316291687953,-0.0002473961646097315,A_lower,-2.834458519559128,t(T-1),Bartlett,18,auto_floor_h-1,5.995431505528861e-06,0.004708078292634398,holm,ablation|SquaredError|auto_floor_h-1,63,0.26365238438752625,0.05,False,tested
ablation,5day,^GSPC,SquaredError,GARCHTransformer,Transformer,3,Hybrid,2,Deep Learning,787,2022-12-15,2025-12-23,0.004139755541820496,0.0029283550101828425,0.0012114005316376535,B_lower,1.6044579808092434,t(T-1),Bartlett,25,auto_floor_h-1,0.0004486354181053219,0.10901484189365496,holm,ablation|SquaredError|auto_floor_h-1,63,1.0,0.05,False,tested
ablation,5day,^GSPC,SquaredError,GARCHLSTM,LSTM,3,Hybrid,2,Deep Learning,787,2022-12-15,2025-12-23,0.001057074105135403,0.0019362519099746587,-0.0008791778048392559,A_lower,-1.8840518641087538,t(T-1),Bartlett,21,fixed_21,0.00017137302228816475,0.05992681765901044,holm,ablation|SquaredError|fixed_21,63,1.0,0.05,False,tested
ablation,5day,^GSPC,SquaredError,GARCHGRU,GRU,3,Hybrid,2,Deep Learning,787,2022-12-15,2025-12-23,0.0006120354645590638,0.0008594316291687953,-0.0002473961646097315,A_lower,-2.7867934902983977,t(T-1),Bartlett,21,fixed_21,6.202275916620281e-06,0.005451596904299876,holm,ablation|SquaredError|fixed_21,63,0.29983782973649314,0.05,False,tested
ablation,5day,^GSPC,SquaredError,GARCHTransformer,Transformer,3,Hybrid,2,Deep Learning,787,2022-12-15,2025-12-23,0.004139755541820496,0.0029283550101828425,0.0012114005316376535,B_lower,1.6571177317111128,t(T-1),Bartlett,21,fixed_21,0.0004205750675353448,0.09789473893390205,holm,ablation|SquaredError|fixed_21,63,1.0,0.05,False,tested
ablation,5day,^IXIC,QLIKE,GARCHLSTM,LSTM,3,Hybrid,2,Deep Learning,787,2022-12-15,2025-12-23,-0.7383188640229604,-0.7324840357872967,-0.005834828235663786,A_lower,-2.312771950961264,t(T-1),Bartlett,21,auto_floor_h-1,0.005009164117816666,0.020992584590947206,holm,ablation|QLIKE|auto_floor_h-1,63,0.8606959682288354,0.05,False,tested
ablation,5day,^IXIC,QLIKE,GARCHGRU,GRU,3,Hybrid,2,Deep Learning,787,2022-12-15,2025-12-23,-0.7437614339536474,-0.7360018265396286,-0.007759607414018622,A_lower,-3.6818553458537817,t(T-1),Bartlett,21,auto_floor_h-1,0.0034955924080656954,0.00024737474199663337,holm,ablation|QLIKE|auto_floor_h-1,63,0.014100360293808102,0.05,True,tested
ablation,5day,^IXIC,QLIKE,GARCHTransformer,Transformer,3,Hybrid,2,Deep Learning,787,2022-12-15,2025-12-23,-0.7046397043702458,-0.6840495326956599,-0.020590171674586006,A_lower,-1.829446601693409,t(T-1),Bartlett,24,auto_floor_h-1,0.09969082549573982,0.06771140533833969,holm,ablation|QLIKE|auto_floor_h-1,63,1.0,0.05,False,tested
ablation,5day,^IXIC,QLIKE,GARCHLSTM,LSTM,3,Hybrid,2,Deep Learning,787,2022-12-15,2025-12-23,-0.7383188640229604,-0.7324840357872967,-0.005834828235663786,A_lower,-2.312771950961264,t(T-1),Bartlett,21,fixed_21,0.005009164117816666,0.020992584590947206,holm,ablation|QLIKE|fixed_21,63,0.8606959682288354,0.05,False,tested
ablation,5day,^IXIC,QLIKE,GARCHGRU,GRU,3,Hybrid,2,Deep Learning,787,2022-12-15,2025-12-23,-0.7437614339536474,-0.7360018265396286,-0.007759607414018622,A_lower,-3.6818553458537817,t(T-1),Bartlett,21,fixed_21,0.0034955924080656954,0.00024737474199663337,holm,ablation|QLIKE|fixed_21,63,0.014100360293808102,0.05,True,tested
ablation,5day,^IXIC,QLIKE,GARCHTransformer,Transformer,3,Hybrid,2,Deep Learning,787,2022-12-15,2025-12-23,-0.7046397043702458,-0.6840495326956599,-0.020590171674586006,A_lower,-1.8762539768038429,t(T-1),Bartlett,21,fixed_21,0.09477884590997257,0.06099076014694615,holm,ablation|QLIKE|fixed_21,63,1.0,0.05,False,tested
ablation,5day,^IXIC,SquaredError,GARCHLSTM,LSTM,3,Hybrid,2,Deep Learning,787,2022-12-15,2025-12-23,0.0013803731090909523,0.002034349841944291,-0.000653976732853339,A_lower,-1.6469860652678263,t(T-1),Bartlett,22,auto_floor_h-1,0.00012408505498703501,0.09996061969052472,holm,ablation|SquaredError|auto_floor_h-1,63,1.0,0.05,False,tested
ablation,5day,^IXIC,SquaredError,GARCHGRU,GRU,3,Hybrid,2,Deep Learning,787,2022-12-15,2025-12-23,0.0008892704887154251,0.00134838992612627,-0.0004591194374108448,A_lower,-3.3808240965907865,t(T-1),Bartlett,14,auto_floor_h-1,1.4513793551363372e-05,0.00075836785442005,holm,ablation|SquaredError|auto_floor_h-1,63,0.046260439119623055,0.05,True,tested
ablation,5day,^IXIC,SquaredError,GARCHTransformer,Transformer,3,Hybrid,2,Deep Learning,787,2022-12-15,2025-12-23,0.004087383496260144,0.005462927479624759,-0.0013755439833646169,A_lower,-1.4892059660992873,t(T-1),Bartlett,25,auto_floor_h-1,0.0006714507460985864,0.13683426035943683,holm,ablation|SquaredError|auto_floor_h-1,63,1.0,0.05,False,tested
ablation,5day,^IXIC,SquaredError,GARCHLSTM,LSTM,3,Hybrid,2,Deep Learning,787,2022-12-15,2025-12-23,0.0013803731090909523,0.002034349841944291,-0.000653976732853339,A_lower,-1.6505211113735916,t(T-1),Bartlett,21,fixed_21,0.00012355409946481443,0.09923589081910088,holm,ablation|SquaredError|fixed_21,63,1.0,0.05,False,tested
ablation,5day,^IXIC,SquaredError,GARCHGRU,GRU,3,Hybrid,2,Deep Learning,787,2022-12-15,2025-12-23,0.0008892704887154251,0.00134838992612627,-0.0004591194374108448,A_lower,-3.521553414767447,t(T-1),Bartlett,21,fixed_21,1.3376963165964843e-05,0.0004537579160683711,holm,ablation|SquaredError|fixed_21,63,0.02767923288017064,0.05,True,tested
ablation,5day,^IXIC,SquaredError,GARCHTransformer,Transformer,3,Hybrid,2,Deep Learning,787,2022-12-15,2025-12-23,0.004087383496260144,0.005462927479624759,-0.0013755439833646169,A_lower,-1.5385594468344344,t(T-1),Bartlett,21,fixed_21,0.0006290644361653132,0.12431433818421715,holm,ablation|SquaredError|fixed_21,63,1.0,0.05,False,tested
ablation,5day,^FTSE,QLIKE,GARCHLSTM,LSTM,3,Hybrid,2,Deep Learning,787,2022-12-15,2025-12-23,-1.327663418091195,-1.3234996805346544,-0.004163737556540977,A_lower,-2.97697731093172,t(T-1),Bartlett,18,auto_floor_h-1,0.001539537878246663,0.003000434560718541,holm,ablation|QLIKE|auto_floor_h-1,63,0.1470212934752085,0.05,False,tested
ablation,5day,^FTSE,QLIKE,GARCHGRU,GRU,3,Hybrid,2,Deep Learning,787,2022-12-15,2025-12-23,-1.3322738223755495,-1.331796241287569,-0.0004775810879807671,A_lower,-0.3130127945834361,t(T-1),Bartlett,11,auto_floor_h-1,0.0018320815180742672,0.7543539768876524,holm,ablation|QLIKE|auto_floor_h-1,63,1.0,0.05,False,tested
ablation,5day,^FTSE,QLIKE,GARCHTransformer,Transformer,3,Hybrid,2,Deep Learning,787,2022-12-15,2025-12-23,-1.2968607405876762,-1.3083027483578757,0.011442007770199452,B_lower,1.9415355090156985,t(T-1),Bartlett,24,auto_floor_h-1,0.02733307754169971,0.052550399790760226,holm,ablation|QLIKE|auto_floor_h-1,63,1.0,0.05,False,tested
ablation,5day,^FTSE,QLIKE,GARCHLSTM,LSTM,3,Hybrid,2,Deep Learning,787,2022-12-15,2025-12-23,-1.327663418091195,-1.3234996805346544,-0.004163737556540977,A_lower,-2.9007646191975693,t(T-1),Bartlett,21,fixed_21,0.001621498116797931,0.003826436683457099,holm,ablation|QLIKE|fixed_21,63,0.18068162973825136,0.05,False,tested
ablation,5day,^FTSE,QLIKE,GARCHGRU,GRU,3,Hybrid,2,Deep Learning,787,2022-12-15,2025-12-23,-1.3322738223755495,-1.331796241287569,-0.0004775810879807671,A_lower,-0.30224111006211524,t(T-1),Bartlett,21,fixed_21,0.001964997047751304,0.7625482259104716,holm,ablation|QLIKE|fixed_21,63,1.0,0.05,False,tested
ablation,5day,^FTSE,QLIKE,GARCHTransformer,Transformer,3,Hybrid,2,Deep Learning,787,2022-12-15,2025-12-23,-1.2968607405876762,-1.3083027483578757,0.011442007770199452,B_lower,1.998540668428034,t(T-1),Bartlett,21,fixed_21,0.02579605110945249,0.046002085237012345,holm,ablation|QLIKE|fixed_21,63,1.0,0.05,False,tested
ablation,5day,^FTSE,SquaredError,GARCHLSTM,LSTM,3,Hybrid,2,Deep Learning,787,2022-12-15,2025-12-23,0.0006713959772269927,0.0008539842261709469,-0.00018258824894395423,A_lower,-2.7982964251515443,t(T-1),Bartlett,17,auto_floor_h-1,3.3506799306031203e-06,0.005263037944292631,holm,ablation|SquaredError|auto_floor_h-1,63,0.28420404899180207,0.05,False,tested
ablation,5day,^FTSE,SquaredError,GARCHGRU,GRU,3,Hybrid,2,Deep Learning,787,2022-12-15,2025-12-23,0.0004930947946292516,0.0005790390269882829,-8.594423235903113e-05,A_lower,-1.8579796608863166,t(T-1),Bartlett,14,auto_floor_h-1,1.6839387666064833e-06,0.06354562762461155,holm,ablation|SquaredError|auto_floor_h-1,63,1.0,0.05,False,tested
ablation,5day,^FTSE,SquaredError,GARCHTransformer,Transformer,3,Hybrid,2,Deep Learning,787,2022-12-15,2025-12-23,0.0019679585705090616,0.0015070854088357981,0.0004608731616732638,B_lower,2.046888996234102,t(T-1),Bartlett,24,auto_floor_h-1,3.98978034359454e-05,0.04100105573054366,holm,ablation|SquaredError|auto_floor_h-1,63,1.0,0.05,False,tested
ablation,5day,^FTSE,SquaredError,GARCHLSTM,LSTM,3,Hybrid,2,Deep Learning,787,2022-12-15,2025-12-23,0.0006713959772269927,0.0008539842261709469,-0.00018258824894395423,A_lower,-2.683666447177131,t(T-1),Bartlett,21,fixed_21,3.6430346913989807e-06,0.007435154099721433,holm,ablation|SquaredError|fixed_21,63,0.39406316728523594,0.05,False,tested
ablation,5day,^FTSE,SquaredError,GARCHGRU,GRU,3,Hybrid,2,Deep Learning,787,2022-12-15,2025-12-23,0.0004930947946292516,0.0005790390269882829,-8.594423235903113e-05,A_lower,-1.7702142599725608,t(T-1),Bartlett,21,fixed_21,1.855053914783628e-06,0.07707905086927021,holm,ablation|SquaredError|fixed_21,63,1.0,0.05,False,tested
ablation,5day,^FTSE,SquaredError,GARCHTransformer,Transformer,3,Hybrid,2,Deep Learning,787,2022-12-15,2025-12-23,0.0019679585705090616,0.0015070854088357981,0.0004608731616732638,B_lower,2.1039325391873507,t(T-1),Bartlett,21,fixed_21,3.776364863216947e-05,0.03570144652590153,holm,ablation|SquaredError|fixed_21,63,1.0,0.05,False,tested
ablation,5day,^GDAXI,QLIKE,GARCHLSTM,LSTM,3,Hybrid,2,Deep Learning,787,2022-12-15,2025-12-23,-1.054036099076127,-1.0451042163462847,-0.008931882729842324,A_lower,-4.286621012461976,t(T-1),Bartlett,22,auto_floor_h-1,0.0034168867148179436,2.0394502971135998e-05,holm,ablation|QLIKE|auto_floor_h-1,63,0.001264459184210432,0.05,True,tested
ablation,5day,^GDAXI,QLIKE,GARCHGRU,GRU,3,Hybrid,2,Deep Learning,787,2022-12-15,2025-12-23,-1.0502990878684602,-1.0473310707006653,-0.0029680171677948478,A_lower,-0.7673591117480607,t(T-1),Bartlett,22,auto_floor_h-1,0.011773626137326534,0.4430984724522577,holm,ablation|QLIKE|auto_floor_h-1,63,1.0,0.05,False,tested
ablation,5day,^GDAXI,QLIKE,GARCHTransformer,Transformer,3,Hybrid,2,Deep Learning,787,2022-12-15,2025-12-23,-1.0239634195340275,-1.0209581994629802,-0.003005220071047595,A_lower,-0.5909853802895977,t(T-1),Bartlett,23,auto_floor_h-1,0.020350440710933268,0.5547001176723025,holm,ablation|QLIKE|auto_floor_h-1,63,1.0,0.05,False,tested
ablation,5day,^GDAXI,QLIKE,GARCHLSTM,LSTM,3,Hybrid,2,Deep Learning,787,2022-12-15,2025-12-23,-1.054036099076127,-1.0451042163462847,-0.008931882729842324,A_lower,-4.298577200160264,t(T-1),Bartlett,21,fixed_21,0.003397905492785613,1.9348956694061016e-05,holm,ablation|QLIKE|fixed_21,63,0.001199635315031783,0.05,True,tested
ablation,5day,^GDAXI,QLIKE,GARCHGRU,GRU,3,Hybrid,2,Deep Learning,787,2022-12-15,2025-12-23,-1.0502990878684602,-1.0473310707006653,-0.0029680171677948478,A_lower,-0.7775282926876986,t(T-1),Bartlett,21,fixed_21,0.011467668959738081,0.4370811063086508,holm,ablation|QLIKE|fixed_21,63,1.0,0.05,False,tested
ablation,5day,^GDAXI,QLIKE,GARCHTransformer,Transformer,3,Hybrid,2,Deep Learning,787,2022-12-15,2025-12-23,-1.0239634195340275,-1.0209581994629802,-0.003005220071047595,A_lower,-0.5979141465199186,t(T-1),Bartlett,21,fixed_21,0.019881522365208102,0.5500694514136856,holm,ablation|QLIKE|fixed_21,63,1.0,0.05,False,tested
ablation,5day,^GDAXI,SquaredError,GARCHLSTM,LSTM,3,Hybrid,2,Deep Learning,787,2022-12-15,2025-12-23,0.0006316435828448451,0.0009353499389928665,-0.0003037063561480215,A_lower,-2.806330784698334,t(T-1),Bartlett,19,auto_floor_h-1,9.217322307062302e-06,0.005134859301624884,holm,ablation|SquaredError|auto_floor_h-1,63,0.28241726158936864,0.05,False,tested
ablation,5day,^GDAXI,SquaredError,GARCHGRU,GRU,3,Hybrid,2,Deep Learning,787,2022-12-15,2025-12-23,0.0005775441483878829,0.0007032652237388948,-0.000125721075351012,A_lower,-1.1044966000824366,t(T-1),Bartlett,21,auto_floor_h-1,1.0196758646719937e-05,0.2697157732712159,holm,ablation|SquaredError|auto_floor_h-1,63,1.0,0.05,False,tested
ablation,5day,^GDAXI,SquaredError,GARCHTransformer,Transformer,3,Hybrid,2,Deep Learning,787,2022-12-15,2025-12-23,0.0018541057246761498,0.001967541359453866,-0.00011343563477771633,A_lower,-0.5527632429641091,t(T-1),Bartlett,22,auto_floor_h-1,3.314327585385337e-05,0.580582704166709,holm,ablation|SquaredError|auto_floor_h-1,63,1.0,0.05,False,tested
ablation,5day,^GDAXI,SquaredError,GARCHLSTM,LSTM,3,Hybrid,2,Deep Learning,787,2022-12-15,2025-12-23,0.0006316435828448451,0.0009353499389928665,-0.0003037063561480215,A_lower,-2.794906395248046,t(T-1),Bartlett,21,fixed_21,9.29282930463906e-06,0.005317985257508668,holm,ablation|SquaredError|fixed_21,63,0.29780717442048543,0.05,False,tested
ablation,5day,^GDAXI,SquaredError,GARCHGRU,GRU,3,Hybrid,2,Deep Learning,787,2022-12-15,2025-12-23,0.0005775441483878829,0.0007032652237388948,-0.000125721075351012,A_lower,-1.1044966000824366,t(T-1),Bartlett,21,fixed_21,1.0196758646719937e-05,0.2697157732712159,holm,ablation|SquaredError|fixed_21,63,1.0,0.05,False,tested
ablation,5day,^GDAXI,SquaredError,GARCHTransformer,Transformer,3,Hybrid,2,Deep Learning,787,2022-12-15,2025-12-23,0.0018541057246761498,0.001967541359453866,-0.00011343563477771633,A_lower,-0.5512511671380134,t(T-1),Bartlett,21,fixed_21,3.3325348498239344e-05,0.5816181723639989,holm,ablation|SquaredError|fixed_21,63,1.0,0.05,False,tested
ablation,5day,^N225,QLIKE,GARCHLSTM,LSTM,3,Hybrid,2,Deep Learning,787,2022-12-15,2025-12-23,-0.7160399319326979,-0.7076010744383137,-0.008438857494384201,A_lower,-2.468217915054526,t(T-1),Bartlett,21,auto_floor_h-1,0.009199729078936777,0.013790588114677945,holm,ablation|QLIKE|auto_floor_h-1,63,0.6067858770458296,0.05,False,tested
ablation,5day,^N225,QLIKE,GARCHGRU,GRU,3,Hybrid,2,Deep Learning,787,2022-12-15,2025-12-23,-0.7212881650264418,-0.712499816866115,-0.00878834816032674,A_lower,-2.9163144175246867,t(T-1),Bartlett,18,auto_floor_h-1,0.007146946808798271,0.0036427532137695688,holm,ablation|QLIKE|auto_floor_h-1,63,0.17120940104716972,0.05,False,tested
ablation,5day,^N225,QLIKE,GARCHTransformer,Transformer,3,Hybrid,2,Deep Learning,787,2022-12-15,2025-12-23,-0.6442441804605445,-0.674525642544424,0.03028146208387956,B_lower,1.4418490691422452,t(T-1),Bartlett,24,auto_floor_h-1,0.3471273320711926,0.14974326412570924,holm,ablation|QLIKE|auto_floor_h-1,63,1.0,0.05,False,tested
ablation,5day,^N225,QLIKE,GARCHLSTM,LSTM,3,Hybrid,2,Deep Learning,787,2022-12-15,2025-12-23,-0.7160399319326979,-0.7076010744383137,-0.008438857494384201,A_lower,-2.468217915054526,t(T-1),Bartlett,21,fixed_21,0.009199729078936777,0.013790588114677945,holm,ablation|QLIKE|fixed_21,63,0.6067858770458296,0.05,False,tested
ablation,5day,^N225,QLIKE,GARCHGRU,GRU,3,Hybrid,2,Deep Learning,787,2022-12-15,2025-12-23,-0.7212881650264418,-0.712499816866115,-0.00878834816032674,A_lower,-2.8565914318969954,t(T-1),Bartlett,21,fixed_21,0.007448914359634868,0.004395162440676526,holm,ablation|QLIKE|fixed_21,63,0.20217747227112018,0.05,False,tested
ablation,5day,^N225,QLIKE,GARCHTransformer,Transformer,3,Hybrid,2,Deep Learning,787,2022-12-15,2025-12-23,-0.6442441804605445,-0.674525642544424,0.03028146208387956,B_lower,1.468088288668616,t(T-1),Bartlett,21,fixed_21,0.33482977023276617,0.14248029347183122,holm,ablation|QLIKE|fixed_21,63,1.0,0.05,False,tested
ablation,5day,^N225,SquaredError,GARCHLSTM,LSTM,3,Hybrid,2,Deep Learning,787,2022-12-15,2025-12-23,0.0027792769100814193,0.003690091604015511,-0.0009108146939340923,A_lower,-2.4567005434930853,t(T-1),Bartlett,19,auto_floor_h-1,0.0001081758571901003,0.014237101680836977,holm,ablation|SquaredError|auto_floor_h-1,63,0.6833808806801749,0.05,False,tested
ablation,5day,^N225,SquaredError,GARCHGRU,GRU,3,Hybrid,2,Deep Learning,787,2022-12-15,2025-12-23,0.002197379482957137,0.003227500304394505,-0.001030120821437367,A_lower,-2.4297863912651905,t(T-1),Bartlett,18,auto_floor_h-1,0.0001414538826871754,0.015330691662864437,holm,ablation|SquaredError|auto_floor_h-1,63,0.7205425081546286,0.05,False,tested
ablation,5day,^N225,SquaredError,GARCHTransformer,Transformer,3,Hybrid,2,Deep Learning,787,2022-12-15,2025-12-23,0.011013022238207592,0.008001275754847182,0.003011746483360412,B_lower,1.5195784099767038,t(T-1),Bartlett,24,auto_floor_h-1,0.003091472069689666,0.12901910095218547,holm,ablation|SquaredError|auto_floor_h-1,63,1.0,0.05,False,tested
ablation,5day,^N225,SquaredError,GARCHLSTM,LSTM,3,Hybrid,2,Deep Learning,787,2022-12-15,2025-12-23,0.0027792769100814193,0.003690091604015511,-0.0009108146939340923,A_lower,-2.4030612678555214,t(T-1),Bartlett,21,fixed_21,0.00011305899011369154,0.016489248911399124,holm,ablation|SquaredError|fixed_21,63,0.7749946988357589,0.05,False,tested
ablation,5day,^N225,SquaredError,GARCHGRU,GRU,3,Hybrid,2,Deep Learning,787,2022-12-15,2025-12-23,0.002197379482957137,0.003227500304394505,-0.001030120821437367,A_lower,-2.316924294014325,t(T-1),Bartlett,21,fixed_21,0.00015557054624229955,0.020764034539863085,holm,ablation|SquaredError|fixed_21,63,0.9343815542938388,0.05,False,tested
ablation,5day,^N225,SquaredError,GARCHTransformer,Transformer,3,Hybrid,2,Deep Learning,787,2022-12-15,2025-12-23,0.011013022238207592,0.008001275754847182,0.003011746483360412,B_lower,1.5499352416687584,t(T-1),Bartlett,21,fixed_21,0.0029715596317078244,0.12155958902118592,holm,ablation|SquaredError|fixed_21,63,1.0,0.05,False,tested
ablation,5day,^HSI,QLIKE,GARCHLSTM,LSTM,3,Hybrid,2,Deep Learning,787,2022-12-15,2025-12-23,-0.5387701230072035,-0.523041680118746,-0.015728442888457612,A_lower,-3.2294462584874863,t(T-1),Bartlett,23,auto_floor_h-1,0.01866766798813011,0.0012918357742527301,holm,ablation|QLIKE|auto_floor_h-1,63,0.06717546026114196,0.05,False,tested
ablation,5day,^HSI,QLIKE,GARCHGRU,GRU,3,Hybrid,2,Deep Learning,787,2022-12-15,2025-12-23,-0.539239375226537,-0.5233515927173197,-0.015887782509217345,A_lower,-3.732491299496995,t(T-1),Bartlett,22,auto_floor_h-1,0.014259480261576005,0.00020326076293903395,holm,ablation|QLIKE|auto_floor_h-1,63,0.011789124250463969,0.05,True,tested
ablation,5day,^HSI,QLIKE,GARCHTransformer,Transformer,3,Hybrid,2,Deep Learning,787,2022-12-15,2025-12-23,-0.45447218276132784,-0.4849607651570743,0.030488582395746533,B_lower,2.363615196705486,t(T-1),Bartlett,24,auto_floor_h-1,0.13094702881620585,0.018339993222066014,holm,ablation|QLIKE|auto_floor_h-1,63,0.7849614394574687,0.05,False,tested
ablation,5day,^HSI,QLIKE,GARCHLSTM,LSTM,3,Hybrid,2,Deep Learning,787,2022-12-15,2025-12-23,-0.5387701230072035,-0.523041680118746,-0.015728442888457612,A_lower,-3.2695328543249276,t(T-1),Bartlett,21,fixed_21,0.018212718715282173,0.0011241320743900815,holm,ablation|QLIKE|fixed_21,63,0.058001623272253104,0.05,False,tested
ablation,5day,^HSI,QLIKE,GARCHGRU,GRU,3,Hybrid,2,Deep Learning,787,2022-12-15,2025-12-23,-0.539239375226537,-0.5233515927173197,-0.015887782509217345,A_lower,-3.750538303270771,t(T-1),Bartlett,21,fixed_21,0.014122581645289234,0.0001894132685686033,holm,ablation|QLIKE|fixed_21,63,0.01098596957697899,0.05,True,tested
ablation,5day,^HSI,QLIKE,GARCHTransformer,Transformer,3,Hybrid,2,Deep Learning,787,2022-12-15,2025-12-23,-0.45447218276132784,-0.4849607651570743,0.030488582395746533,B_lower,2.4215057148648316,t(T-1),Bartlett,21,fixed_21,0.12476081388331246,0.01568174297196688,holm,ablation|QLIKE|fixed_21,63,0.658633204822609,0.05,False,tested
ablation,5day,^HSI,SquaredError,GARCHLSTM,LSTM,3,Hybrid,2,Deep Learning,787,2022-12-15,2025-12-23,0.001949332482508951,0.003869095694565995,-0.0019197632120570441,A_lower,-2.612122151775517,t(T-1),Bartlett,23,auto_floor_h-1,0.0004250921629077633,0.00916997206004188,holm,ablation|SquaredError|auto_floor_h-1,63,0.4676685750621359,0.05,False,tested
ablation,5day,^HSI,SquaredError,GARCHGRU,GRU,3,Hybrid,2,Deep Learning,787,2022-12-15,2025-12-23,0.0017701648792631645,0.003229730774600688,-0.0014595658953375232,A_lower,-2.7743121358011735,t(T-1),Bartlett,21,auto_floor_h-1,0.0002178268960515901,0.005663087906181209,holm,ablation|SquaredError|auto_floor_h-1,63,0.3001436590276041,0.05,False,tested
ablation,5day,^HSI,SquaredError,GARCHTransformer,Transformer,3,Hybrid,2,Deep Learning,787,2022-12-15,2025-12-23,0.009421946457694199,0.00738920715837586,0.0020327392993183375,B_lower,2.4137240185288786,t(T-1),Bartlett,24,auto_floor_h-1,0.000558165353434811,0.016018078573393026,holm,ablation|SquaredError|auto_floor_h-1,63,0.7368316143760791,0.05,False,tested
ablation,5day,^HSI,SquaredError,GARCHLSTM,LSTM,3,Hybrid,2,Deep Learning,787,2022-12-15,2025-12-23,0.001949332482508951,0.003869095694565995,-0.0019197632120570441,A_lower,-2.6511383917273554,t(T-1),Bartlett,21,fixed_21,0.0004126722490634428,0.008183598032440696,holm,ablation|SquaredError|fixed_21,63,0.4173634996544755,0.05,False,tested
ablation,5day,^HSI,SquaredError,GARCHGRU,GRU,3,Hybrid,2,Deep Learning,787,2022-12-15,2025-12-23,0.0017701648792631645,0.003229730774600688,-0.0014595658953375232,A_lower,-2.7743121358011735,t(T-1),Bartlett,21,fixed_21,0.0002178268960515901,0.005663087906181209,holm,ablation|SquaredError|fixed_21,63,0.3058067469337853,0.05,False,tested
ablation,5day,^HSI,SquaredError,GARCHTransformer,Transformer,3,Hybrid,2,Deep Learning,787,2022-12-15,2025-12-23,0.009421946457694199,0.00738920715837586,0.0020327392993183375,B_lower,2.4841984504563266,t(T-1),Bartlett,21,fixed_21,0.0005269452891955772,0.013191577801560982,holm,ablation|SquaredError|fixed_21,63,0.6331957344749272,0.05,False,tested
ablation,5day,000001.SS,QLIKE,GARCHLSTM,LSTM,3,Hybrid,2,Deep Learning,787,2022-12-15,2025-12-23,-1.068530315032043,-1.054243287001998,-0.014287028030045165,A_lower,-1.6053469548925217,t(T-1),Bartlett,23,auto_floor_h-1,0.06233338456376764,0.10881914392778987,holm,ablation|QLIKE|auto_floor_h-1,63,1.0,0.05,False,tested
ablation,5day,000001.SS,QLIKE,GARCHGRU,GRU,3,Hybrid,2,Deep Learning,787,2022-12-15,2025-12-23,-1.0633907819600499,-1.0719622346739193,0.008571452713869663,B_lower,2.4769628641449217,t(T-1),Bartlett,22,auto_floor_h-1,0.009424202484732417,0.013459878811542569,holm,ablation|QLIKE|auto_floor_h-1,63,0.6056945465194156,0.05,False,tested
ablation,5day,000001.SS,QLIKE,GARCHTransformer,Transformer,3,Hybrid,2,Deep Learning,787,2022-12-15,2025-12-23,-1.0326353093401386,-1.0261281183779596,-0.006507190962178931,A_lower,-0.6569820858901257,t(T-1),Bartlett,24,auto_floor_h-1,0.07720666278265306,0.5113847506412708,holm,ablation|QLIKE|auto_floor_h-1,63,1.0,0.05,False,tested
ablation,5day,000001.SS,QLIKE,GARCHLSTM,LSTM,3,Hybrid,2,Deep Learning,787,2022-12-15,2025-12-23,-1.068530315032043,-1.054243287001998,-0.014287028030045165,A_lower,-1.6078640091817715,t(T-1),Bartlett,21,fixed_21,0.06213837590120535,0.10826655179331053,holm,ablation|QLIKE|fixed_21,63,1.0,0.05,False,tested
ablation,5day,000001.SS,QLIKE,GARCHGRU,GRU,3,Hybrid,2,Deep Learning,787,2022-12-15,2025-12-23,-1.0633907819600499,-1.0719622346739193,0.008571452713869663,B_lower,2.5098764362855444,t(T-1),Bartlett,21,fixed_21,0.009178652269711915,0.012277263871837165,holm,ablation|QLIKE|fixed_21,63,0.5524768742326724,0.05,False,tested
ablation,5day,000001.SS,QLIKE,GARCHTransformer,Transformer,3,Hybrid,2,Deep Learning,787,2022-12-15,2025-12-23,-1.0326353093401386,-1.0261281183779596,-0.006507190962178931,A_lower,-0.6705757142985241,t(T-1),Bartlett,21,fixed_21,0.07410818795861665,0.5026878407987337,holm,ablation|QLIKE|fixed_21,63,1.0,0.05,False,tested
ablation,5day,000001.SS,SquaredError,GARCHLSTM,LSTM,3,Hybrid,2,Deep Learning,787,2022-12-15,2025-12-23,0.0015375065280551967,0.0022693675923520637,-0.0007318610642968667,A_lower,-1.118926808298392,t(T-1),Bartlett,23,auto_floor_h-1,0.0003366887922243479,0.2635131969594747,holm,ablation|SquaredError|auto_floor_h-1,63,1.0,0.05,False,tested
ablation,5day,000001.SS,SquaredError,GARCHGRU,GRU,3,Hybrid,2,Deep Learning,787,2022-12-15,2025-12-23,0.0015058600773254541,0.0013618978734305637,0.00014396220389489026,B_lower,1.016040603880288,t(T-1),Bartlett,18,auto_floor_h-1,1.5799726806933915e-05,0.30992269934417505,holm,ablation|SquaredError|auto_floor_h-1,63,1.0,0.05,False,tested
ablation,5day,000001.SS,SquaredError,GARCHTransformer,Transformer,3,Hybrid,2,Deep Learning,787,2022-12-15,2025-12-23,0.004049660145046194,0.005191902684010494,-0.0011422425389643008,A_lower,-1.1554402288250463,t(T-1),Bartlett,25,auto_floor_h-1,0.0007691241068768104,0.24826131224100367,holm,ablation|SquaredError|auto_floor_h-1,63,1.0,0.05,False,tested
ablation,5day,000001.SS,SquaredError,GARCHLSTM,LSTM,3,Hybrid,2,Deep Learning,787,2022-12-15,2025-12-23,0.0015375065280551967,0.0022693675923520637,-0.0007318610642968667,A_lower,-1.1227728144789892,t(T-1),Bartlett,21,fixed_21,0.00033438611916896554,0.2618768328451485,holm,ablation|SquaredError|fixed_21,63,1.0,0.05,False,tested
ablation,5day,000001.SS,SquaredError,GARCHGRU,GRU,3,Hybrid,2,Deep Learning,787,2022-12-15,2025-12-23,0.0015058600773254541,0.0013618978734305637,0.00014396220389489026,B_lower,1.0000869490176185,t(T-1),Bartlett,21,fixed_21,1.6307830387312922e-05,0.3175762110675201,holm,ablation|SquaredError|fixed_21,63,1.0,0.05,False,tested
ablation,5day,000001.SS,SquaredError,GARCHTransformer,Transformer,3,Hybrid,2,Deep Learning,787,2022-12-15,2025-12-23,0.004049660145046194,0.005191902684010494,-0.0011422425389643008,A_lower,-1.1956499101399822,t(T-1),Bartlett,21,fixed_21,0.0007182627123309064,0.23219379680949614,holm,ablation|SquaredError|fixed_21,63,1.0,0.05,False,tested
ablation,22day,^GSPC,QLIKE,GARCHLSTM,LSTM,3,Hybrid,2,Deep Learning,784,2022-11-25,2025-11-28,-0.99278960835974,-0.9764326583017299,-0.01635695005801002,A_lower,-0.8633809229337639,t(T-1),Bartlett,25,auto_floor_h-1,0.28139464036793393,0.38819244610084036,holm,ablation|QLIKE|auto_floor_h-1,63,1.0,0.05,False,tested
ablation,22day,^GSPC,QLIKE,GARCHGRU,GRU,3,Hybrid,2,Deep Learning,784,2022-11-25,2025-11-28,-1.0068803938920248,-0.9948143866561945,-0.012066007235830232,A_lower,-1.802533215317959,t(T-1),Bartlett,24,auto_floor_h-1,0.0351298805499952,0.07184598163255407,holm,ablation|QLIKE|auto_floor_h-1,63,1.0,0.05,False,tested
ablation,22day,^GSPC,QLIKE,GARCHTransformer,Transformer,3,Hybrid,2,Deep Learning,784,2022-11-25,2025-11-28,-0.9867452334140664,-0.9914608072729485,0.004715573858882295,B_lower,0.15224562179145584,t(T-1),Bartlett,25,auto_floor_h-1,0.7521345540130671,0.8790324326386142,holm,ablation|QLIKE|auto_floor_h-1,63,1.0,0.05,False,tested
ablation,22day,^GSPC,QLIKE,GARCHLSTM,LSTM,3,Hybrid,2,Deep Learning,784,2022-11-25,2025-11-28,-0.99278960835974,-0.9764326583017299,-0.01635695005801002,A_lower,-0.9007589387412552,t(T-1),Bartlett,21,fixed_21,0.258525601283185,0.3679934649301869,holm,ablation|QLIKE|fixed_21,63,1.0,0.05,False,tested
ablation,22day,^GSPC,QLIKE,GARCHGRU,GRU,3,Hybrid,2,Deep Learning,784,2022-11-25,2025-11-28,-1.0068803938920248,-0.9948143866561945,-0.012066007235830232,A_lower,-1.834724720310487,t(T-1),Bartlett,21,fixed_21,0.0339079395721735,0.06692572420221068,holm,ablation|QLIKE|fixed_21,63,1.0,0.05,False,tested
ablation,22day,^GSPC,QLIKE,GARCHTransformer,Transformer,3,Hybrid,2,Deep Learning,784,2022-11-25,2025-11-28,-0.9867452334140664,-0.9914608072729485,0.004715573858882295,B_lower,0.15925134965610388,t(T-1),Bartlett,21,fixed_21,0.687414869784313,0.8735119165605154,holm,ablation|QLIKE|fixed_21,63,1.0,0.05,False,tested
ablation,22day,^GSPC,SquaredError,GARCHLSTM,LSTM,3,Hybrid,2,Deep Learning,784,2022-11-25,2025-11-28,0.005140201528038823,0.006061925615611,-0.0009217240875721766,A_lower,-1.0033557793974957,t(T-1),Bartlett,23,auto_floor_h-1,0.0006616190841462405,0.31599919835648216,holm,ablation|SquaredError|auto_floor_h-1,63,1.0,0.05,False,tested
ablation,22day,^GSPC,SquaredError,GARCHGRU,GRU,3,Hybrid,2,Deep Learning,784,2022-11-25,2025-11-28,0.00426983532995339,0.00513301218607507,-0.0008631768561216796,A_lower,-3.061991965443581,t(T-1),Bartlett,22,auto_floor_h-1,6.230279694452279e-05,0.002273894325559129,holm,ablation|SquaredError|auto_floor_h-1,63,0.1341597652079886,0.05,False,tested
ablation,22day,^GSPC,SquaredError,GARCHTransformer,Transformer,3,Hybrid,2,Deep Learning,784,2022-11-25,2025-11-28,0.004823107367673963,0.005430381457713256,-0.0006072740900392923,A_lower,-0.47460599342876036,t(T-1),Bartlett,25,auto_floor_h-1,0.0012835687346130103,0.6352001701479927,holm,ablation|SquaredError|auto_floor_h-1,63,1.0,0.05,False,tested
ablation,22day,^GSPC,SquaredError,GARCHLSTM,LSTM,3,Hybrid,2,Deep Learning,784,2022-11-25,2025-11-28,0.005140201528038823,0.006061925615611,-0.0009217240875721766,A_lower,-1.0181609000004739,t(T-1),Bartlett,21,fixed_21,0.0006425177161153589,0.3089159863296546,holm,ablation|SquaredError|fixed_21,63,1.0,0.05,False,tested
ablation,22day,^GSPC,SquaredError,GARCHGRU,GRU,3,Hybrid,2,Deep Learning,784,2022-11-25,2025-11-28,0.00426983532995339,0.00513301218607507,-0.0008631768561216796,A_lower,-3.066897469722271,t(T-1),Bartlett,21,fixed_21,6.210364962055181e-05,0.002237348284386024,holm,ablation|SquaredError|fixed_21,63,0.13424089706316145,0.05,False,tested
ablation,22day,^GSPC,SquaredError,GARCHTransformer,Transformer,3,Hybrid,2,Deep Learning,784,2022-11-25,2025-11-28,0.004823107367673963,0.005430381457713256,-0.0006072740900392923,A_lower,-0.4970949482297338,t(T-1),Bartlett,21,fixed_21,0.0011700565908047216,0.6192616426439961,holm,ablation|SquaredError|fixed_21,63,1.0,0.05,False,tested
ablation,22day,^IXIC,QLIKE,GARCHLSTM,LSTM,3,Hybrid,2,Deep Learning,784,2022-11-25,2025-11-28,-0.6924878958240769,-0.6717608531426202,-0.020727042681456646,A_lower,-1.5717432857900588,t(T-1),Bartlett,25,auto_floor_h-1,0.1363413275880389,0.11641407492218175,holm,ablation|QLIKE|auto_floor_h-1,63,1.0,0.05,False,tested
ablation,22day,^IXIC,QLIKE,GARCHGRU,GRU,3,Hybrid,2,Deep Learning,784,2022-11-25,2025-11-28,-0.6965666483908456,-0.6903530889670403,-0.0062135594238052995,A_lower,-1.4753050439434017,t(T-1),Bartlett,23,auto_floor_h-1,0.013906995701399683,0.14053253490130332,holm,ablation|QLIKE|auto_floor_h-1,63,1.0,0.05,False,tested
ablation,22day,^IXIC,QLIKE,GARCHTransformer,Transformer,3,Hybrid,2,Deep Learning,784,2022-11-25,2025-11-28,-0.656628000362219,-0.6780120062299948,0.021384005867775762,B_lower,1.2238936735308021,t(T-1),Bartlett,25,auto_floor_h-1,0.23933533007307195,0.2213604884648639,holm,ablation|QLIKE|auto_floor_h-1,63,1.0,0.05,False,tested
ablation,22day,^IXIC,QLIKE,GARCHLSTM,LSTM,3,Hybrid,2,Deep Learning,784,2022-11-25,2025-11-28,-0.6924878958240769,-0.6717608531426202,-0.020727042681456646,A_lower,-1.6401401352167602,t(T-1),Bartlett,21,fixed_21,0.12520706454806993,0.10137767478358284,holm,ablation|QLIKE|fixed_21,63,1.0,0.05,False,tested
ablation,22day,^IXIC,QLIKE,GARCHGRU,GRU,3,Hybrid,2,Deep Learning,784,2022-11-25,2025-11-28,-0.6965666483908456,-0.6903530889670403,-0.0062135594238052995,A_lower,-1.4799080227118089,t(T-1),Bartlett,21,fixed_21,0.013820619989186655,0.13930001541590709,holm,ablation|QLIKE|fixed_21,63,1.0,0.05,False,tested
ablation,22day,^IXIC,QLIKE,GARCHTransformer,Transformer,3,Hybrid,2,Deep Learning,784,2022-11-25,2025-11-28,-0.656628000362219,-0.6780120062299948,0.021384005867775762,B_lower,1.2839196353238935,t(T-1),Bartlett,21,fixed_21,0.21747959278420761,0.1995498671792729,holm,ablation|QLIKE|fixed_21,63,1.0,0.05,False,tested
ablation,22day,^IXIC,SquaredError,GARCHLSTM,LSTM,3,Hybrid,2,Deep Learning,784,2022-11-25,2025-11-28,0.0064521081008498595,0.007739283078176354,-0.001287174977326495,A_lower,-1.6160769524066445,t(T-1),Bartlett,24,auto_floor_h-1,0.0004973557764937518,0.10648048779535046,holm,ablation|SquaredError|auto_floor_h-1,63,1.0,0.05,False,tested
ablation,22day,^IXIC,SquaredError,GARCHGRU,GRU,3,Hybrid,2,Deep Learning,784,2022-11-25,2025-11-28,0.006029615816258563,0.007137130913344332,-0.0011075150970857686,A_lower,-1.7697245146284744,t(T-1),Bartlett,24,auto_floor_h-1,0.0003070464206115166,0.07716219139423561,holm,ablation|SquaredError|auto_floor_h-1,63,1.0,0.05,False,tested
ablation,22day,^IXIC,SquaredError,GARCHTransformer,Transformer,3,Hybrid,2,Deep Learning,784,2022-11-25,2025-11-28,0.007776677294655373,0.006948915253464016,0.0008277620411913553,B_lower,0.8600658579004994,t(T-1),Bartlett,25,auto_floor_h-1,0.0007262124016133359,0.39001599559707273,holm,ablation|SquaredError|auto_floor_h-1,63,1.0,0.05,False,tested
ablation,22day,^IXIC,SquaredError,GARCHLSTM,LSTM,3,Hybrid,2,Deep Learning,784,2022-11-25,2025-11-28,0.0064521081008498595,0.007739283078176354,-0.001287174977326495,A_lower,-1.6321314855714792,t(T-1),Bartlett,21,fixed_21,0.0004876193754897873,0.10305386267855261,holm,ablation|SquaredError|fixed_21,63,1.0,0.05,False,tested
ablation,22day,^IXIC,SquaredError,GARCHGRU,GRU,3,Hybrid,2,Deep Learning,784,2022-11-25,2025-11-28,0.006029615816258563,0.007137130913344332,-0.0011075150970857686,A_lower,-1.7782869443670997,t(T-1),Bartlett,21,fixed_21,0.0003040966897400897,0.07574471239538848,holm,ablation|SquaredError|fixed_21,63,1.0,0.05,False,tested
ablation,22day,^IXIC,SquaredError,GARCHTransformer,Transformer,3,Hybrid,2,Deep Learning,784,2022-11-25,2025-11-28,0.007776677294655373,0.006948915253464016,0.0008277620411913553,B_lower,0.9043289550147486,t(T-1),Bartlett,21,fixed_21,0.0006568620992112796,0.3660991477494408,holm,ablation|SquaredError|fixed_21,63,1.0,0.05,False,tested
ablation,22day,^FTSE,QLIKE,GARCHLSTM,LSTM,3,Hybrid,2,Deep Learning,784,2022-11-25,2025-11-28,-1.2822833070340656,-1.2734776338707403,-0.008805673163325443,A_lower,-1.0530581790698474,t(T-1),Bartlett,24,auto_floor_h-1,0.0548196748374581,0.29263918272936496,holm,ablation|QLIKE|auto_floor_h-1,63,1.0,0.05,False,tested
ablation,22day,^FTSE,QLIKE,GARCHGRU,GRU,3,Hybrid,2,Deep Learning,784,2022-11-25,2025-11-28,-1.2765157537476477,-1.2756421409791896,-0.0008736127684578969,A_lower,-0.13463796781907464,t(T-1),Bartlett,24,auto_floor_h-1,0.0330079773555199,0.8929327213463971,holm,ablation|QLIKE|auto_floor_h-1,63,1.0,0.05,False,tested
ablation,22day,^FTSE,QLIKE,GARCHTransformer,Transformer,3,Hybrid,2,Deep Learning,784,2022-11-25,2025-11-28,-1.2761647448896571,-1.2731848816352969,-0.002979863254360069,A_lower,-0.6824711611159057,t(T-1),Bartlett,25,auto_floor_h-1,0.01494652124147968,0.4951429201619595,holm,ablation|QLIKE|auto_floor_h-1,63,1.0,0.05,False,tested
ablation,22day,^FTSE,QLIKE,GARCHLSTM,LSTM,3,Hybrid,2,Deep Learning,784,2022-11-25,2025-11-28,-1.2822833070340656,-1.2734776338707403,-0.008805673163325443,A_lower,-1.0901356846158927,t(T-1),Bartlett,21,fixed_21,0.05115405595804269,0.2759887476202574,holm,ablation|QLIKE|fixed_21,63,1.0,0.05,False,tested
ablation,22day,^FTSE,QLIKE,GARCHGRU,GRU,3,Hybrid,2,Deep Learning,784,2022-11-25,2025-11-28,-1.2765157537476477,-1.2756421409791896,-0.0008736127684578969,A_lower,-0.13797601849949964,t(T-1),Bartlett,21,fixed_21,0.0314301744373133,0.8902948445171402,holm,ablation|QLIKE|fixed_21,63,1.0,0.05,False,tested
ablation,22day,^FTSE,QLIKE,GARCHTransformer,Transformer,3,Hybrid,2,Deep Learning,784,2022-11-25,2025-11-28,-1.2761647448896571,-1.2731848816352969,-0.002979863254360069,A_lower,-0.7119426898137466,t(T-1),Bartlett,21,fixed_21,0.01373468369265613,0.4767123293077251,holm,ablation|QLIKE|fixed_21,63,1.0,0.05,False,tested
ablation,22day,^FTSE,SquaredError,GARCHLSTM,LSTM,3,Hybrid,2,Deep Learning,784,2022-11-25,2025-11-28,0.002616264721244967,0.0029230100793709176,-0.0003067453581259508,A_lower,-0.7205733722469014,t(T-1),Bartlett,24,auto_floor_h-1,0.00014207433855491675,0.47138710330280204,holm,ablation|SquaredError|auto_floor_h-1,63,1.0,0.05,False,tested
ablation,22day,^FTSE,SquaredError,GARCHGRU,GRU,3,Hybrid,2,Deep Learning,784,2022-11-25,2025-11-28,0.0026089136208957016,0.0027445323458964864,-0.00013561872500078358,A_lower,-0.502709725179624,t(T-1),Bartlett,24,auto_floor_h-1,5.7058559461878295e-05,0.6153097308956978,holm,ablation|SquaredError|auto_floor_h-1,63,1.0,0.05,False,tested
ablation,22day,^FTSE,SquaredError,GARCHTransformer,Transformer,3,Hybrid,2,Deep Learning,784,2022-11-25,2025-11-28,0.0025241849777287314,0.002733558291753579,-0.00020937331402484733,A_lower,-1.0746994708899247,t(T-1),Bartlett,25,auto_floor_h-1,2.9756691812710428e-05,0.2828403580167307,holm,ablation|SquaredError|auto_floor_h-1,63,1.0,0.05,False,tested
ablation,22day,^FTSE,SquaredError,GARCHLSTM,LSTM,3,Hybrid,2,Deep Learning,784,2022-11-25,2025-11-28,0.002616264721244967,0.0029230100793709176,-0.0003067453581259508,A_lower,-0.7404913210642494,t(T-1),Bartlett,21,fixed_21,0.00013453401892919833,0.4592239103662867,holm,ablation|SquaredError|fixed_21,63,1.0,0.05,False,tested
ablation,22day,^FTSE,SquaredError,GARCHGRU,GRU,3,Hybrid,2,Deep Learning,784,2022-11-25,2025-11-28,0.0026089136208957016,0.0027445323458964864,-0.00013561872500078358,A_lower,-0.5157132123424576,t(T-1),Bartlett,21,fixed_21,5.4217421699684245e-05,0.6062003070851215,holm,ablation|SquaredError|fixed_21,63,1.0,0.05,False,tested
ablation,22day,^FTSE,SquaredError,GARCHTransformer,Transformer,3,Hybrid,2,Deep Learning,784,2022-11-25,2025-11-28,0.0025241849777287314,0.002733558291753579,-0.00020937331402484733,A_lower,-1.118402616184374,t(T-1),Bartlett,21,fixed_21,2.7476560594711066e-05,0.2637380803927325,holm,ablation|SquaredError|fixed_21,63,1.0,0.05,False,tested
ablation,22day,^GDAXI,QLIKE,GARCHLSTM,LSTM,3,Hybrid,2,Deep Learning,784,2022-11-25,2025-11-28,-0.9849652646428689,-0.9758531584635397,-0.009112106179329246,A_lower,-0.5555497770097083,t(T-1),Bartlett,23,auto_floor_h-1,0.2109150891902314,0.5786773629910722,holm,ablation|QLIKE|auto_floor_h-1,63,1.0,0.05,False,tested
ablation,22day,^GDAXI,QLIKE,GARCHGRU,GRU,3,Hybrid,2,Deep Learning,784,2022-11-25,2025-11-28,-0.989673268637428,-0.992424115860084,0.0027508472226560423,B_lower,0.2647237050197071,t(T-1),Bartlett,25,auto_floor_h-1,0.0846570907610559,0.7912919832878047,holm,ablation|QLIKE|auto_floor_h-1,63,1.0,0.05,False,tested
ablation,22day,^GDAXI,QLIKE,GARCHTransformer,Transformer,3,Hybrid,2,Deep Learning,784,2022-11-25,2025-11-28,-0.9985297304412513,-0.9977382524475192,-0.0007914779937318086,A_lower,-0.23674906272637827,t(T-1),Bartlett,24,auto_floor_h-1,0.008762281764810257,0.8129133925731006,holm,ablation|QLIKE|auto_floor_h-1,63,1.0,0.05,False,tested
ablation,22day,^GDAXI,QLIKE,GARCHLSTM,LSTM,3,Hybrid,2,Deep Learning,784,2022-11-25,2025-11-28,-0.9849652646428689,-0.9758531584635397,-0.009112106179329246,A_lower,-0.5679882602603102,t(T-1),Bartlett,21,fixed_21,0.2017784991632598,0.5702057730847487,holm,ablation|QLIKE|fixed_21,63,1.0,0.05,False,tested
ablation,22day,^GDAXI,QLIKE,GARCHGRU,GRU,3,Hybrid,2,Deep Learning,784,2022-11-25,2025-11-28,-0.989673268637428,-0.992424115860084,0.0027508472226560423,B_lower,0.27519308369003104,t(T-1),Bartlett,21,fixed_21,0.07833826979269568,0.7832405011004566,holm,ablation|QLIKE|fixed_21,63,1.0,0.05,False,tested
ablation,22day,^GDAXI,QLIKE,GARCHTransformer,Transformer,3,Hybrid,2,Deep Learning,784,2022-11-25,2025-11-28,-0.9985297304412513,-0.9977382524475192,-0.0007914779937318086,A_lower,-0.24325095742577632,t(T-1),Bartlett,21,fixed_21,0.008300125031144254,0.8078747052103509,holm,ablation|QLIKE|fixed_21,63,1.0,0.05,False,tested
ablation,22day,^GDAXI,SquaredError,GARCHLSTM,LSTM,3,Hybrid,2,Deep Learning,784,2022-11-25,2025-11-28,0.01734812201773597,0.005272581969081302,0.01207554004865467,B_lower,0.9610850462480536,t(T-1),Bartlett,21,auto_floor_h-1,0.12376719484509624,0.3368060982698484,holm,ablation|SquaredError|auto_floor_h-1,63,1.0,0.05,False,tested
ablation,22day,^GDAXI,SquaredError,GARCHGRU,GRU,3,Hybrid,2,Deep Learning,784,2022-11-25,2025-11-28,0.004859019658767915,0.0035250376002479104,0.0013339820585200049,B_lower,1.3082032494138163,t(T-1),Bartlett,25,auto_floor_h-1,0.0008152026686678888,0.19118827876324082,holm,ablation|SquaredError|auto_floor_h-1,63,1.0,0.05,False,tested
ablation,22day,^GDAXI,SquaredError,GARCHTransformer,Transformer,3,Hybrid,2,Deep Learning,784,2022-11-25,2025-11-28,0.003497269319129973,0.003733796631115157,-0.0002365273119851833,A_lower,-0.8652009384151307,t(T-1),Bartlett,25,auto_floor_h-1,5.859285926664782e-05,0.387193509339668,holm,ablation|SquaredError|auto_floor_h-1,63,1.0,0.05,False,tested
ablation,22day,^GDAXI,SquaredError,GARCHLSTM,LSTM,3,Hybrid,2,Deep Learning,784,2022-11-25,2025-11-28,0.01734812201773597,0.005272581969081302,0.01207554004865467,B_lower,0.9610850462480536,t(T-1),Bartlett,21,fixed_21,0.12376719484509624,0.3368060982698484,holm,ablation|SquaredError|fixed_21,63,1.0,0.05,False,tested
ablation,22day,^GDAXI,SquaredError,GARCHGRU,GRU,3,Hybrid,2,Deep Learning,784,2022-11-25,2025-11-28,0.004859019658767915,0.0035250376002479104,0.0013339820585200049,B_lower,1.3433704350810374,t(T-1),Bartlett,21,fixed_21,0.000773080052659351,0.17954125862845377,holm,ablation|SquaredError|fixed_21,63,1.0,0.05,False,tested
ablation,22day,^GDAXI,SquaredError,GARCHTransformer,Transformer,3,Hybrid,2,Deep Learning,784,2022-11-25,2025-11-28,0.003497269319129973,0.003733796631115157,-0.0002365273119851833,A_lower,-0.9049950178349627,t(T-1),Bartlett,21,fixed_21,5.355330505200946e-05,0.3657463982885382,holm,ablation|SquaredError|fixed_21,63,1.0,0.05,False,tested
ablation,22day,^N225,QLIKE,GARCHLSTM,LSTM,3,Hybrid,2,Deep Learning,784,2022-11-25,2025-11-28,-0.6082562301689971,-0.6106323222372229,0.0023760920682255903,B_lower,0.2852625543598032,t(T-1),Bartlett,22,auto_floor_h-1,0.05439425818568091,0.7755184376300717,holm,ablation|QLIKE|auto_floor_h-1,63,1.0,0.05,False,tested
ablation,22day,^N225,QLIKE,GARCHGRU,GRU,3,Hybrid,2,Deep Learning,784,2022-11-25,2025-11-28,-0.592443610025603,-0.5861587000894671,-0.0062849099361359136,A_lower,-0.6715910407069333,t(T-1),Bartlett,25,auto_floor_h-1,0.06866009375229619,0.5020421714023755,holm,ablation|QLIKE|auto_floor_h-1,63,1.0,0.05,False,tested
ablation,22day,^N225,QLIKE,GARCHTransformer,Transformer,3,Hybrid,2,Deep Learning,784,2022-11-25,2025-11-28,-0.6060781216198576,-0.6127421036784768,0.006663982058619146,B_lower,1.07954124315912,t(T-1),Bartlett,24,auto_floor_h-1,0.029874814900696232,0.28067893837487023,holm,ablation|QLIKE|auto_floor_h-1,63,1.0,0.05,False,tested
ablation,22day,^N225,QLIKE,GARCHLSTM,LSTM,3,Hybrid,2,Deep Learning,784,2022-11-25,2025-11-28,-0.6082562301689971,-0.6106323222372229,0.0023760920682255903,B_lower,0.28609311355518124,t(T-1),Bartlett,21,fixed_21,0.05407889181455988,0.7748824795550108,holm,ablation|QLIKE|fixed_21,63,1.0,0.05,False,tested
ablation,22day,^N225,QLIKE,GARCHGRU,GRU,3,Hybrid,2,Deep Learning,784,2022-11-25,2025-11-28,-0.592443610025603,-0.5861587000894671,-0.0062849099361359136,A_lower,-0.6909340176373918,t(T-1),Bartlett,21,fixed_21,0.06486957147516095,0.4898117845810472,holm,ablation|QLIKE|fixed_21,63,1.0,0.05,False,tested
ablation,22day,^N225,QLIKE,GARCHTransformer,Transformer,3,Hybrid,2,Deep Learning,784,2022-11-25,2025-11-28,-0.6060781216198576,-0.6127421036784768,0.006663982058619146,B_lower,1.0996064086087785,t(T-1),Bartlett,21,fixed_21,0.028794475783873744,0.27184161313304905,holm,ablation|QLIKE|fixed_21,63,1.0,0.05,False,tested
ablation,22day,^N225,SquaredError,GARCHLSTM,LSTM,3,Hybrid,2,Deep Learning,784,2022-11-25,2025-11-28,0.013088928303764824,0.013289694084460775,-0.00020076578069594893,A_lower,-0.37049155273348955,t(T-1),Bartlett,22,auto_floor_h-1,0.00023021776090485487,0.7111164708471241,holm,ablation|SquaredError|auto_floor_h-1,63,1.0,0.05,False,tested
ablation,22day,^N225,SquaredError,GARCHGRU,GRU,3,Hybrid,2,Deep Learning,784,2022-11-25,2025-11-28,0.0141336947998339,0.013930130800902656,0.00020356399893124488,B_lower,0.3347032195159318,t(T-1),Bartlett,24,auto_floor_h-1,0.00029000015538657107,0.7379386103814249,holm,ablation|SquaredError|auto_floor_h-1,63,1.0,0.05,False,tested
ablation,22day,^N225,SquaredError,GARCHTransformer,Transformer,3,Hybrid,2,Deep Learning,784,2022-11-25,2025-11-28,0.013350252761989747,0.013149452346437392,0.00020080041555235406,B_lower,0.6244723434952875,t(T-1),Bartlett,24,auto_floor_h-1,8.106228821434049e-05,0.5324993385364122,holm,ablation|SquaredError|auto_floor_h-1,63,1.0,0.05,False,tested
ablation,22day,^N225,SquaredError,GARCHLSTM,LSTM,3,Hybrid,2,Deep Learning,784,2022-11-25,2025-11-28,0.013088928303764824,0.013289694084460775,-0.00020076578069594893,A_lower,-0.3728813460926216,t(T-1),Bartlett,21,fixed_21,0.0002272762898160938,0.7093376716423283,holm,ablation|SquaredError|fixed_21,63,1.0,0.05,False,tested
ablation,22day,^N225,SquaredError,GARCHGRU,GRU,3,Hybrid,2,Deep Learning,784,2022-11-25,2025-11-28,0.0141336947998339,0.013930130800902656,0.00020356399893124488,B_lower,0.3415174750474752,t(T-1),Bartlett,21,fixed_21,0.00027854293567238853,0.7328056819473752,holm,ablation|SquaredError|fixed_21,63,1.0,0.05,False,tested
ablation,22day,^N225,SquaredError,GARCHTransformer,Transformer,3,Hybrid,2,Deep Learning,784,2022-11-25,2025-11-28,0.013350252761989747,0.013149452346437392,0.00020080041555235406,B_lower,0.6376638241009536,t(T-1),Bartlett,21,fixed_21,7.774307572910646e-05,0.523878958831153,holm,ablation|SquaredError|fixed_21,63,1.0,0.05,False,tested
ablation,22day,^HSI,QLIKE,GARCHLSTM,LSTM,3,Hybrid,2,Deep Learning,784,2022-11-25,2025-11-28,-0.4781238390414004,-0.4226085060127346,-0.05551533302866583,A_lower,-3.889097758854608,t(T-1),Bartlett,25,auto_floor_h-1,0.1597512413607533,0.00010915863117600397,holm,ablation|QLIKE|auto_floor_h-1,63,0.006549517870560238,0.05,True,tested
ablation,22day,^HSI,QLIKE,GARCHGRU,GRU,3,Hybrid,2,Deep Learning,784,2022-11-25,2025-11-28,-0.4057814792650173,-0.4091417350330561,0.0033602557680387554,B_lower,0.2453636290961137,t(T-1),Bartlett,23,auto_floor_h-1,0.14704164752787197,0.8062391823803011,holm,ablation|QLIKE|auto_floor_h-1,63,1.0,0.05,False,tested
ablation,22day,^HSI,QLIKE,GARCHTransformer,Transformer,3,Hybrid,2,Deep Learning,784,2022-11-25,2025-11-28,-0.43855004010376847,-0.47030708362283175,0.03175704351906322,B_lower,3.1466953139939844,t(T-1),Bartlett,25,auto_floor_h-1,0.0798521850033749,0.0017137762137526024,holm,ablation|QLIKE|auto_floor_h-1,63,0.08740258690138272,0.05,False,tested
ablation,22day,^HSI,QLIKE,GARCHLSTM,LSTM,3,Hybrid,2,Deep Learning,784,2022-11-25,2025-11-28,-0.4781238390414004,-0.4226085060127346,-0.05551533302866583,A_lower,-4.008242617701662,t(T-1),Bartlett,21,fixed_21,0.15039519419532943,6.701663653099447e-05,holm,ablation|QLIKE|fixed_21,63,0.004020998191859668,0.05,True,tested
ablation,22day,^HSI,QLIKE,GARCHGRU,GRU,3,Hybrid,2,Deep Learning,784,2022-11-25,2025-11-28,-0.4057814792650173,-0.4091417350330561,0.0033602557680387554,B_lower,0.24291076173291065,t(T-1),Bartlett,21,fixed_21,0.15002623876772922,0.808138146256553,holm,ablation|QLIKE|fixed_21,63,1.0,0.05,False,tested
ablation,22day,^HSI,QLIKE,GARCHTransformer,Transformer,3,Hybrid,2,Deep Learning,784,2022-11-25,2025-11-28,-0.43855004010376847,-0.47030708362283175,0.03175704351906322,B_lower,3.3107219145862996,t(T-1),Bartlett,21,fixed_21,0.07213578860557801,0.0009731698630779177,holm,ablation|QLIKE|fixed_21,63,0.05157800274312964,0.05,False,tested
ablation,22day,^HSI,SquaredError,GARCHLSTM,LSTM,3,Hybrid,2,Deep Learning,784,2022-11-25,2025-11-28,0.00835742872577025,0.011249662340598255,-0.002892233614828007,A_lower,-3.7054200089986757,t(T-1),Bartlett,24,auto_floor_h-1,0.00047764794845303116,0.0002258882232573015,holm,ablation|SquaredError|auto_floor_h-1,63,0.014230958065209994,0.05,True,tested
ablation,22day,^HSI,SquaredError,GARCHGRU,GRU,3,Hybrid,2,Deep Learning,784,2022-11-25,2025-11-28,0.010871932534017,0.01074767630466117,0.0001242562293558305,B_lower,0.17275056890879653,t(T-1),Bartlett,22,auto_floor_h-1,0.00040561446194672566,0.8628921364734177,holm,ablation|SquaredError|auto_floor_h-1,63,1.0,0.05,False,tested
ablation,22day,^HSI,SquaredError,GARCHTransformer,Transformer,3,Hybrid,2,Deep Learning,784,2022-11-25,2025-11-28,0.01030670736441536,0.008684439814425668,0.0016222675499896937,B_lower,2.256407939504051,t(T-1),Bartlett,25,auto_floor_h-1,0.0004052525782833967,0.02432012214774625,holm,ablation|SquaredError|auto_floor_h-1,63,1.0,0.05,False,tested
ablation,22day,^HSI,SquaredError,GARCHLSTM,LSTM,3,Hybrid,2,Deep Learning,784,2022-11-25,2025-11-28,0.00835742872577025,0.011249662340598255,-0.002892233614828007,A_lower,-3.8066697611261424,t(T-1),Bartlett,21,fixed_21,0.0004525769142073343,0.000151850102558425,holm,ablation|SquaredError|fixed_21,63,0.009566556461180774,0.05,True,tested
ablation,22day,^HSI,SquaredError,GARCHGRU,GRU,3,Hybrid,2,Deep Learning,784,2022-11-25,2025-11-28,0.010871932534017,0.01074767630466117,0.0001242562293558305,B_lower,0.1725710357296944,t(T-1),Bartlett,21,fixed_21,0.00040645885779912443,0.8630332161432227,holm,ablation|SquaredError|fixed_21,63,1.0,0.05,False,tested
ablation,22day,^HSI,SquaredError,GARCHTransformer,Transformer,3,Hybrid,2,Deep Learning,784,2022-11-25,2025-11-28,0.01030670736441536,0.008684439814425668,0.0016222675499896937,B_lower,2.3693021256301687,t(T-1),Bartlett,21,fixed_21,0.0003675531396270462,0.018063329796043543,holm,ablation|SquaredError|fixed_21,63,0.830913170618003,0.05,False,tested
ablation,22day,000001.SS,QLIKE,GARCHLSTM,LSTM,3,Hybrid,2,Deep Learning,784,2022-11-25,2025-11-28,-0.9982558007324908,-1.0037948318793801,0.00553903114688916,B_lower,0.4881266240992599,t(T-1),Bartlett,24,auto_floor_h-1,0.1009528734232985,0.6255968137482015,holm,ablation|QLIKE|auto_floor_h-1,63,1.0,0.05,False,tested
ablation,22day,000001.SS,QLIKE,GARCHGRU,GRU,3,Hybrid,2,Deep Learning,784,2022-11-25,2025-11-28,-0.96658525578436,-0.9581840421053185,-0.008401213679041735,A_lower,-0.3686804327896459,t(T-1),Bartlett,25,auto_floor_h-1,0.4070989170419919,0.7124655961901483,holm,ablation|QLIKE|auto_floor_h-1,63,1.0,0.05,False,tested
ablation,22day,000001.SS,QLIKE,GARCHTransformer,Transformer,3,Hybrid,2,Deep Learning,784,2022-11-25,2025-11-28,-0.9999739566756896,-0.9982764693276887,-0.0016974873480009628,A_lower,-0.38086062013675615,t(T-1),Bartlett,24,auto_floor_h-1,0.015573886821521315,0.7034099827644048,holm,ablation|QLIKE|auto_floor_h-1,63,1.0,0.05,False,tested
ablation,22day,000001.SS,QLIKE,GARCHLSTM,LSTM,3,Hybrid,2,Deep Learning,784,2022-11-25,2025-11-28,-0.9982558007324908,-1.0037948318793801,0.00553903114688916,B_lower,0.5027562306807773,t(T-1),Bartlett,21,fixed_21,0.09516313793490322,0.6152770448328818,holm,ablation|QLIKE|fixed_21,63,1.0,0.05,False,tested
ablation,22day,000001.SS,QLIKE,GARCHGRU,GRU,3,Hybrid,2,Deep Learning,784,2022-11-25,2025-11-28,-0.96658525578436,-0.9581840421053185,-0.008401213679041735,A_lower,-0.3829660734031856,t(T-1),Bartlett,21,fixed_21,0.3772936713203737,0.7018488608555873,holm,ablation|QLIKE|fixed_21,63,1.0,0.05,False,tested
ablation,22day,000001.SS,QLIKE,GARCHTransformer,Transformer,3,Hybrid,2,Deep Learning,784,2022-11-25,2025-11-28,-0.9999739566756896,-0.9982764693276887,-0.0016974873480009628,A_lower,-0.39168510560502845,t(T-1),Bartlett,21,fixed_21,0.014724991078559558,0.6953974699363776,holm,ablation|QLIKE|fixed_21,63,1.0,0.05,False,tested
ablation,22day,000001.SS,SquaredError,GARCHLSTM,LSTM,3,Hybrid,2,Deep Learning,784,2022-11-25,2025-11-28,0.00625387881808116,0.00572340871362077,0.0005304701044603905,B_lower,0.8161016090180975,t(T-1),Bartlett,23,auto_floor_h-1,0.0003312450686575047,0.41469022260603927,holm,ablation|SquaredError|auto_floor_h-1,63,1.0,0.05,False,tested
ablation,22day,000001.SS,SquaredError,GARCHGRU,GRU,3,Hybrid,2,Deep Learning,784,2022-11-25,2025-11-28,0.010541403249994377,0.008148893538175623,0.0023925097118187525,B_lower,1.3959785538015805,t(T-1),Bartlett,24,auto_floor_h-1,0.0023028517941083215,0.16311662476973124,holm,ablation|SquaredError|auto_floor_h-1,63,1.0,0.05,False,tested
ablation,22day,000001.SS,SquaredError,GARCHTransformer,Transformer,3,Hybrid,2,Deep Learning,784,2022-11-25,2025-11-28,0.005933475117550432,0.006106779525804714,-0.0001733044082542826,A_lower,-0.6714070619702721,t(T-1),Bartlett,23,auto_floor_h-1,5.223522532036261e-05,0.5021592717337373,holm,ablation|SquaredError|auto_floor_h-1,63,1.0,0.05,False,tested
ablation,22day,000001.SS,SquaredError,GARCHLSTM,LSTM,3,Hybrid,2,Deep Learning,784,2022-11-25,2025-11-28,0.00625387881808116,0.00572340871362077,0.0005304701044603905,B_lower,0.832844997197869,t(T-1),Bartlett,21,fixed_21,0.00031806034602025466,0.40518611069522387,holm,ablation|SquaredError|fixed_21,63,1.0,0.05,False,tested
ablation,22day,000001.SS,SquaredError,GARCHGRU,GRU,3,Hybrid,2,Deep Learning,784,2022-11-25,2025-11-28,0.010541403249994377,0.008148893538175623,0.0023925097118187525,B_lower,1.438409187231201,t(T-1),Bartlett,21,fixed_21,0.002168995169822834,0.15071755685157756,holm,ablation|SquaredError|fixed_21,63,1.0,0.05,False,tested
ablation,22day,000001.SS,SquaredError,GARCHTransformer,Transformer,3,Hybrid,2,Deep Learning,784,2022-11-25,2025-11-28,0.005933475117550432,0.006106779525804714,-0.0001733044082542826,A_lower,-0.6854773624023704,t(T-1),Bartlett,21,fixed_21,5.011284374716122e-05,0.49324562889367446,holm,ablation|SquaredError|fixed_21,63,1.0,0.05,False,tested
