Horizon,Index,Loss,Model,N,Mean_Loss,In_MCS,MCS_PValue,Elimination_Order,Method,Alpha,Reps,Block_Size,Seed,Note
1day,^GSPC,QLIKE,HistoricalVolatility,787,-1.0756059504968531,True,1.0,13,R,0.1,10000,34,20260925,identical forecasts to Persistence; result is Persistence's
1day,^GSPC,QLIKE,Persistence,787,-1.0756059504968531,True,1.0,13,R,0.1,10000,34,20260925,
1day,^GSPC,QLIKE,GARCH,787,-1.0619697513731352,False,0.0,2,R,0.1,10000,34,20260925,
1day,^GSPC,QLIKE,EGARCH,787,-1.0616031198101008,False,0.0001,5,R,0.1,10000,34,20260925,
1day,^GSPC,QLIKE,GJRGARCH,787,-1.0566628145007584,False,0.0,3,R,0.1,10000,34,20260925,
1day,^GSPC,QLIKE,LinearRegression,787,-1.0755152348697343,False,0.0195,12,R,0.1,10000,34,20260925,
1day,^GSPC,QLIKE,RandomForest,787,-1.074797769064517,False,0.0008,9,R,0.1,10000,34,20260925,
1day,^GSPC,QLIKE,XGBoost,787,-1.0738749137751105,False,0.0001,4,R,0.1,10000,34,20260925,
1day,^GSPC,QLIKE,LSTM,787,-1.0734883359449896,False,0.0008,8,R,0.1,10000,34,20260925,
1day,^GSPC,QLIKE,GRU,787,-1.0716790114467967,False,0.0,1,R,0.1,10000,34,20260925,
1day,^GSPC,QLIKE,Transformer,787,-1.0125941218967809,False,0.0002,6,R,0.1,10000,34,20260925,
1day,^GSPC,QLIKE,GARCHLSTM,787,-1.0748772690568391,False,0.0144,11,R,0.1,10000,34,20260925,
1day,^GSPC,QLIKE,GARCHGRU,787,-1.0684905432592864,False,0.0013,10,R,0.1,10000,34,20260925,
1day,^GSPC,QLIKE,GARCHTransformer,787,-1.0111344424337492,False,0.0007,7,R,0.1,10000,34,20260925,
1day,^GSPC,SquaredError,HistoricalVolatility,787,0.00011955479728427842,True,0.587,12,R,0.1,10000,85,20260925,identical forecasts to Persistence; result is Persistence's
1day,^GSPC,SquaredError,Persistence,787,0.00011955479728427842,True,0.587,12,R,0.1,10000,85,20260925,
1day,^GSPC,SquaredError,GARCH,787,0.0008000606970399063,False,0.0793,6,R,0.1,10000,85,20260925,
1day,^GSPC,SquaredError,EGARCH,787,0.001032778631349167,True,0.1169,11,R,0.1,10000,85,20260925,
1day,^GSPC,SquaredError,GJRGARCH,787,0.0014667190781065462,False,0.0595,5,R,0.1,10000,85,20260925,
1day,^GSPC,SquaredError,LinearRegression,787,0.00011669015811427044,True,1.0,13,R,0.1,10000,85,20260925,
1day,^GSPC,SquaredError,RandomForest,787,0.0001639047342755886,False,0.0455,4,R,0.1,10000,85,20260925,
1day,^GSPC,SquaredError,XGBoost,787,0.00019697957559683337,False,0.0248,3,R,0.1,10000,85,20260925,
1day,^GSPC,SquaredError,LSTM,787,0.00017674052160763953,False,0.0017,1,R,0.1,10000,85,20260925,
1day,^GSPC,SquaredError,GRU,787,0.00032250946516426676,False,0.0227,2,R,0.1,10000,85,20260925,
1day,^GSPC,SquaredError,Transformer,787,0.0029620614067195445,True,0.1169,8,R,0.1,10000,85,20260925,
1day,^GSPC,SquaredError,GARCHLSTM,787,0.00013094823825156847,True,0.1169,9,R,0.1,10000,85,20260925,
1day,^GSPC,SquaredError,GARCHGRU,787,0.000520502011892534,False,0.0922,7,R,0.1,10000,85,20260925,
1day,^GSPC,SquaredError,GARCHTransformer,787,0.002975756067744016,True,0.1169,10,R,0.1,10000,85,20260925,
1day,^IXIC,QLIKE,HistoricalVolatility,787,-0.7525226310381478,True,1.0,13,R,0.1,10000,40,20260925,identical forecasts to Persistence; result is Persistence's
1day,^IXIC,QLIKE,Persistence,787,-0.7525226310381478,True,1.0,13,R,0.1,10000,40,20260925,
1day,^IXIC,QLIKE,GARCH,787,-0.7451416739895358,False,0.0004,3,R,0.1,10000,40,20260925,
1day,^IXIC,QLIKE,EGARCH,787,-0.7427591213401395,False,0.0052,9,R,0.1,10000,40,20260925,
1day,^IXIC,QLIKE,GJRGARCH,787,-0.7319366587329217,False,0.0,1,R,0.1,10000,40,20260925,
1day,^IXIC,QLIKE,LinearRegression,787,-0.7524645398068696,False,0.0601,12,R,0.1,10000,40,20260925,
1day,^IXIC,QLIKE,RandomForest,787,-0.7519856933178066,False,0.0062,10,R,0.1,10000,40,20260925,
1day,^IXIC,QLIKE,XGBoost,787,-0.7505081862697728,False,0.0052,8,R,0.1,10000,40,20260925,
1day,^IXIC,QLIKE,LSTM,787,-0.7485684197944338,False,0.0043,7,R,0.1,10000,40,20260925,
1day,^IXIC,QLIKE,GRU,787,-0.7503035306989608,False,0.0087,11,R,0.1,10000,40,20260925,
1day,^IXIC,QLIKE,Transformer,787,-0.681439717016551,False,0.0023,6,R,0.1,10000,40,20260925,
1day,^IXIC,QLIKE,GARCHLSTM,787,-0.7513197149238815,False,0.0004,4,R,0.1,10000,40,20260925,
1day,^IXIC,QLIKE,GARCHGRU,787,-0.7503522807078232,False,0.0002,2,R,0.1,10000,40,20260925,
1day,^IXIC,QLIKE,GARCHTransformer,787,-0.7022611164266779,False,0.0005,5,R,0.1,10000,40,20260925,
1day,^IXIC,SquaredError,HistoricalVolatility,787,0.0001893099286995912,True,0.7096,12,R,0.1,10000,40,20260925,identical forecasts to Persistence; result is Persistence's
1day,^IXIC,SquaredError,Persistence,787,0.0001893099286995912,True,0.7096,12,R,0.1,10000,40,20260925,
1day,^IXIC,SquaredError,GARCH,787,0.0010411044170440347,True,0.1004,9,R,0.1,10000,40,20260925,
1day,^IXIC,SquaredError,EGARCH,787,0.0014386370799795547,True,0.1441,10,R,0.1,10000,40,20260925,
1day,^IXIC,SquaredError,GJRGARCH,787,0.002392046658290616,False,0.0065,2,R,0.1,10000,40,20260925,
1day,^IXIC,SquaredError,LinearRegression,787,0.00018653117048177335,True,1.0,13,R,0.1,10000,40,20260925,
1day,^IXIC,SquaredError,RandomForest,787,0.0002740739352502604,True,0.1571,11,R,0.1,10000,40,20260925,
1day,^IXIC,SquaredError,XGBoost,787,0.00043615899164473293,False,0.0575,4,R,0.1,10000,40,20260925,
1day,^IXIC,SquaredError,LSTM,787,0.000496590569327038,False,0.0371,3,R,0.1,10000,40,20260925,
1day,^IXIC,SquaredError,GRU,787,0.0004085139829543365,False,0.0664,6,R,0.1,10000,40,20260925,
1day,^IXIC,SquaredError,Transformer,787,0.005410386802292245,False,0.0664,8,R,0.1,10000,40,20260925,
1day,^IXIC,SquaredError,GARCHLSTM,787,0.000276082010923077,False,0.0028,1,R,0.1,10000,40,20260925,
1day,^IXIC,SquaredError,GARCHGRU,787,0.0003858221366988333,False,0.0664,7,R,0.1,10000,40,20260925,
1day,^IXIC,SquaredError,GARCHTransformer,787,0.004116591390348294,False,0.0584,5,R,0.1,10000,40,20260925,
1day,^FTSE,QLIKE,HistoricalVolatility,787,-1.3478297122117193,True,0.7573,12,R,0.1,10000,44,20260925,identical forecasts to Persistence; result is Persistence's
1day,^FTSE,QLIKE,Persistence,787,-1.3478297122117193,True,0.7573,12,R,0.1,10000,44,20260925,
1day,^FTSE,QLIKE,GARCH,787,-1.3227667605883267,False,0.0,2,R,0.1,10000,44,20260925,
1day,^FTSE,QLIKE,EGARCH,787,-1.3311253195292125,False,0.0021,4,R,0.1,10000,44,20260925,
1day,^FTSE,QLIKE,GJRGARCH,787,-1.3247724315422282,False,0.0,1,R,0.1,10000,44,20260925,
1day,^FTSE,QLIKE,LinearRegression,787,-1.3478782165295833,True,1.0,13,R,0.1,10000,44,20260925,
1day,^FTSE,QLIKE,RandomForest,787,-1.3472740550381102,False,0.0195,11,R,0.1,10000,44,20260925,
1day,^FTSE,QLIKE,XGBoost,787,-1.3453193915708215,False,0.0005,3,R,0.1,10000,44,20260925,
1day,^FTSE,QLIKE,LSTM,787,-1.3449193016863175,False,0.006,9,R,0.1,10000,44,20260925,
1day,^FTSE,QLIKE,GRU,787,-1.3295803230669516,False,0.0021,5,R,0.1,10000,44,20260925,
1day,^FTSE,QLIKE,Transformer,787,-1.3075956382638765,False,0.0155,10,R,0.1,10000,44,20260925,
1day,^FTSE,QLIKE,GARCHLSTM,787,-1.3444785403976531,False,0.006,8,R,0.1,10000,44,20260925,
1day,^FTSE,QLIKE,GARCHGRU,787,-1.3409152452445925,False,0.0047,7,R,0.1,10000,44,20260925,
1day,^FTSE,QLIKE,GARCHTransformer,787,-1.3121121075859894,False,0.0032,6,R,0.1,10000,44,20260925,
1day,^FTSE,SquaredError,HistoricalVolatility,787,6.678285799731043e-05,True,0.2718,12,R,0.1,10000,75,20260925,identical forecasts to Persistence; result is Persistence's
1day,^FTSE,SquaredError,Persistence,787,6.678285799731043e-05,True,0.2718,12,R,0.1,10000,75,20260925,
1day,^FTSE,SquaredError,GARCH,787,0.000736438190762245,False,0.0047,1,R,0.1,10000,75,20260925,
1day,^FTSE,SquaredError,EGARCH,787,0.0005930747561502052,False,0.0524,10,R,0.1,10000,75,20260925,
1day,^FTSE,SquaredError,GJRGARCH,787,0.0010581683426915099,False,0.0194,5,R,0.1,10000,75,20260925,
1day,^FTSE,SquaredError,LinearRegression,787,5.870171885667554e-05,True,1.0,13,R,0.1,10000,75,20260925,
1day,^FTSE,SquaredError,RandomForest,787,7.51861599101607e-05,False,0.0524,9,R,0.1,10000,75,20260925,
1day,^FTSE,SquaredError,XGBoost,787,0.00012770087445164755,False,0.0124,3,R,0.1,10000,75,20260925,
1day,^FTSE,SquaredError,LSTM,787,0.00012367380078766023,False,0.0194,6,R,0.1,10000,75,20260925,
1day,^FTSE,SquaredError,GRU,787,0.0006462081652096309,False,0.0194,4,R,0.1,10000,75,20260925,
1day,^FTSE,SquaredError,Transformer,787,0.001616322059373185,False,0.0524,11,R,0.1,10000,75,20260925,
1day,^FTSE,SquaredError,GARCHLSTM,787,0.00014116861589467115,False,0.0194,7,R,0.1,10000,75,20260925,
1day,^FTSE,SquaredError,GARCHGRU,787,0.00020384594715339076,False,0.0064,2,R,0.1,10000,75,20260925,
1day,^FTSE,SquaredError,GARCHTransformer,787,0.0013215022795641722,False,0.0344,8,R,0.1,10000,75,20260925,
1day,^GDAXI,QLIKE,HistoricalVolatility,787,-1.0646739608934706,True,1.0,13,R,0.1,10000,41,20260925,identical forecasts to Persistence; result is Persistence's
1day,^GDAXI,QLIKE,Persistence,787,-1.0646739608934706,True,1.0,13,R,0.1,10000,41,20260925,
1day,^GDAXI,QLIKE,GARCH,787,-1.0457480157145056,False,0.0,6,R,0.1,10000,41,20260925,
1day,^GDAXI,QLIKE,EGARCH,787,-1.047339099168573,False,0.0,2,R,0.1,10000,41,20260925,
1day,^GDAXI,QLIKE,GJRGARCH,787,-1.044313280216683,False,0.0,1,R,0.1,10000,41,20260925,
1day,^GDAXI,QLIKE,LinearRegression,787,-1.0646041308855414,True,0.5504,12,R,0.1,10000,41,20260925,
1day,^GDAXI,QLIKE,RandomForest,787,-1.063842158572471,False,0.0,8,R,0.1,10000,41,20260925,
1day,^GDAXI,QLIKE,XGBoost,787,-1.06228350397659,False,0.0211,11,R,0.1,10000,41,20260925,
1day,^GDAXI,QLIKE,LSTM,787,-1.0635831737370285,False,0.0,5,R,0.1,10000,41,20260925,
1day,^GDAXI,QLIKE,GRU,787,-1.0617619462820014,False,0.0,4,R,0.1,10000,41,20260925,
1day,^GDAXI,QLIKE,Transformer,787,-1.020348054242792,False,0.0,7,R,0.1,10000,41,20260925,
1day,^GDAXI,QLIKE,GARCHLSTM,787,-1.061587480613038,False,0.0014,9,R,0.1,10000,41,20260925,
1day,^GDAXI,QLIKE,GARCHGRU,787,-1.0571996928697927,False,0.0023,10,R,0.1,10000,41,20260925,
1day,^GDAXI,QLIKE,GARCHTransformer,787,-1.0293448143561224,False,0.0,3,R,0.1,10000,41,20260925,
1day,^GDAXI,SquaredError,HistoricalVolatility,787,6.732597910040566e-05,True,0.4861,12,R,0.1,10000,53,20260925,identical forecasts to Persistence; result is Persistence's
1day,^GDAXI,SquaredError,Persistence,787,6.732597910040566e-05,True,0.4861,12,R,0.1,10000,53,20260925,
1day,^GDAXI,SquaredError,GARCH,787,0.0008088075322141161,False,0.0,2,R,0.1,10000,53,20260925,
1day,^GDAXI,SquaredError,EGARCH,787,0.0007793331605220629,False,0.0002,3,R,0.1,10000,53,20260925,
1day,^GDAXI,SquaredError,GJRGARCH,787,0.001335346540111544,False,0.0,1,R,0.1,10000,53,20260925,
1day,^GDAXI,SquaredError,LinearRegression,787,6.319710959518823e-05,True,1.0,13,R,0.1,10000,53,20260925,
1day,^GDAXI,SquaredError,RandomForest,787,0.00014294870925863942,True,0.1289,10,R,0.1,10000,53,20260925,
1day,^GDAXI,SquaredError,XGBoost,787,0.0005020194844041411,True,0.2138,11,R,0.1,10000,53,20260925,
1day,^GDAXI,SquaredError,LSTM,787,0.0001038009687394407,False,0.0136,7,R,0.1,10000,53,20260925,
1day,^GDAXI,SquaredError,GRU,787,0.00018175628136095037,False,0.0136,8,R,0.1,10000,53,20260925,
1day,^GDAXI,SquaredError,Transformer,787,0.0020087174630951158,False,0.0085,6,R,0.1,10000,53,20260925,
1day,^GDAXI,SquaredError,GARCHLSTM,787,0.00020935061555434048,False,0.0239,9,R,0.1,10000,53,20260925,
1day,^GDAXI,SquaredError,GARCHGRU,787,0.00028615863994561175,False,0.0002,4,R,0.1,10000,53,20260925,
1day,^GDAXI,SquaredError,GARCHTransformer,787,0.0015224450017709689,False,0.0025,5,R,0.1,10000,53,20260925,
1day,^N225,QLIKE,HistoricalVolatility,787,-0.7352554482527706,True,0.3498,12,R,0.1,10000,35,20260925,identical forecasts to Persistence; result is Persistence's
1day,^N225,QLIKE,Persistence,787,-0.7352554482527706,True,0.3498,12,R,0.1,10000,35,20260925,
1day,^N225,QLIKE,GARCH,787,-0.7214466482597207,False,0.0009,2,R,0.1,10000,35,20260925,
1day,^N225,QLIKE,EGARCH,787,-0.7143326848067686,False,0.0077,5,R,0.1,10000,35,20260925,
1day,^N225,QLIKE,GJRGARCH,787,-0.7218994697592033,False,0.0014,3,R,0.1,10000,35,20260925,
1day,^N225,QLIKE,LinearRegression,787,-0.7354771118190033,True,1.0,13,R,0.1,10000,35,20260925,
1day,^N225,QLIKE,RandomForest,787,-0.7346021323869729,False,0.0276,8,R,0.1,10000,35,20260925,
1day,^N225,QLIKE,XGBoost,787,-0.7333252397060585,False,0.0481,11,R,0.1,10000,35,20260925,
1day,^N225,QLIKE,LSTM,787,-0.7342565958926367,False,0.0103,6,R,0.1,10000,35,20260925,
1day,^N225,QLIKE,GRU,787,-0.7220491000924059,False,0.0055,4,R,0.1,10000,35,20260925,
1day,^N225,QLIKE,Transformer,787,-0.671344968419749,False,0.0402,10,R,0.1,10000,35,20260925,
1day,^N225,QLIKE,GARCHLSTM,787,-0.7341957643845757,False,0.0285,9,R,0.1,10000,35,20260925,
1day,^N225,QLIKE,GARCHGRU,787,-0.7341755327566338,False,0.0003,1,R,0.1,10000,35,20260925,
1day,^N225,QLIKE,GARCHTransformer,787,-0.6844994752161601,False,0.0276,7,R,0.1,10000,35,20260925,
1day,^N225,SquaredError,HistoricalVolatility,787,0.00032884444806064686,True,0.1615,10,R,0.1,10000,80,20260925,identical forecasts to Persistence; result is Persistence's
1day,^N225,SquaredError,Persistence,787,0.00032884444806064686,True,0.1615,10,R,0.1,10000,80,20260925,
1day,^N225,SquaredError,GARCH,787,0.002448713707383687,False,0.0835,2,R,0.1,10000,80,20260925,
1day,^N225,SquaredError,EGARCH,787,0.0035209914852892934,True,0.1229,5,R,0.1,10000,80,20260925,
1day,^N225,SquaredError,GJRGARCH,787,0.0026402022408916048,False,0.0886,3,R,0.1,10000,80,20260925,
1day,^N225,SquaredError,LinearRegression,787,0.0002492141569639997,True,1.0,13,R,0.1,10000,80,20260925,
1day,^N225,SquaredError,RandomForest,787,0.0005367938954393423,True,0.1615,11,R,0.1,10000,80,20260925,
1day,^N225,SquaredError,XGBoost,787,0.0009678572351740851,True,0.1615,12,R,0.1,10000,80,20260925,
1day,^N225,SquaredError,LSTM,787,0.0004281457372339491,True,0.1477,8,R,0.1,10000,80,20260925,
1day,^N225,SquaredError,GRU,787,0.0017791702637553108,False,0.0791,1,R,0.1,10000,80,20260925,
1day,^N225,SquaredError,Transformer,787,0.00824866287580084,True,0.1328,7,R,0.1,10000,80,20260925,
1day,^N225,SquaredError,GARCHLSTM,787,0.000456603038036291,True,0.1477,9,R,0.1,10000,80,20260925,
1day,^N225,SquaredError,GARCHGRU,787,0.0004522548439954968,True,0.1229,4,R,0.1,10000,80,20260925,
1day,^N225,SquaredError,GARCHTransformer,787,0.00749115572639166,True,0.1328,6,R,0.1,10000,80,20260925,
1day,^HSI,QLIKE,HistoricalVolatility,787,-0.5494551422353892,True,1.0,13,R,0.1,10000,35,20260925,identical forecasts to Persistence; result is Persistence's
1day,^HSI,QLIKE,Persistence,787,-0.5494551422353892,True,1.0,13,R,0.1,10000,35,20260925,
1day,^HSI,QLIKE,GARCH,787,-0.5419592550269298,False,0.0081,5,R,0.1,10000,35,20260925,
1day,^HSI,QLIKE,EGARCH,787,-0.5379013224043446,False,0.0217,10,R,0.1,10000,35,20260925,
1day,^HSI,QLIKE,GJRGARCH,787,-0.5408981286061324,False,0.0001,2,R,0.1,10000,35,20260925,
1day,^HSI,QLIKE,LinearRegression,787,-0.5489207039638594,True,0.1524,12,R,0.1,10000,35,20260925,
1day,^HSI,QLIKE,RandomForest,787,-0.5489002640681758,False,0.0183,9,R,0.1,10000,35,20260925,
1day,^HSI,QLIKE,XGBoost,787,-0.5482778473762692,False,0.0136,7,R,0.1,10000,35,20260925,
1day,^HSI,QLIKE,LSTM,787,-0.5471761811593933,False,0.0001,1,R,0.1,10000,35,20260925,
1day,^HSI,QLIKE,GRU,787,-0.5456690288621531,False,0.0054,4,R,0.1,10000,35,20260925,
1day,^HSI,QLIKE,Transformer,787,-0.48448488125540035,False,0.0183,8,R,0.1,10000,35,20260925,
1day,^HSI,QLIKE,GARCHLSTM,787,-0.548604795077392,False,0.038,11,R,0.1,10000,35,20260925,
1day,^HSI,QLIKE,GARCHGRU,787,-0.5442203941913694,False,0.0022,3,R,0.1,10000,35,20260925,
1day,^HSI,QLIKE,GARCHTransformer,787,-0.4785031143363046,False,0.0084,6,R,0.1,10000,35,20260925,
1day,^HSI,SquaredError,HistoricalVolatility,787,0.00043742317603289815,True,0.7934,12,R,0.1,10000,85,20260925,identical forecasts to Persistence; result is Persistence's
1day,^HSI,SquaredError,Persistence,787,0.00043742317603289815,True,0.7934,12,R,0.1,10000,85,20260925,
1day,^HSI,SquaredError,GARCH,787,0.0017529574096923708,False,0.0934,8,R,0.1,10000,85,20260925,
1day,^HSI,SquaredError,EGARCH,787,0.002412890900025766,True,0.1009,10,R,0.1,10000,85,20260925,
1day,^HSI,SquaredError,GJRGARCH,787,0.0021021926696366882,False,0.0934,7,R,0.1,10000,85,20260925,
1day,^HSI,SquaredError,LinearRegression,787,0.00043427413351976215,True,1.0,13,R,0.1,10000,85,20260925,
1day,^HSI,SquaredError,RandomForest,787,0.0004866534834865996,False,0.0863,5,R,0.1,10000,85,20260925,
1day,^HSI,SquaredError,XGBoost,787,0.0006101811924855943,False,0.0934,9,R,0.1,10000,85,20260925,
1day,^HSI,SquaredError,LSTM,787,0.0006384105087459185,False,0.0092,1,R,0.1,10000,85,20260925,
1day,^HSI,SquaredError,GRU,787,0.0012704665262120685,True,0.1009,11,R,0.1,10000,85,20260925,
1day,^HSI,SquaredError,Transformer,787,0.00757372414839531,False,0.0863,6,R,0.1,10000,85,20260925,
1day,^HSI,SquaredError,GARCHLSTM,787,0.0005406322839764092,False,0.0657,3,R,0.1,10000,85,20260925,
1day,^HSI,SquaredError,GARCHGRU,787,0.0010560916646553007,False,0.062,2,R,0.1,10000,85,20260925,
1day,^HSI,SquaredError,GARCHTransformer,787,0.008064272518166058,False,0.0657,4,R,0.1,10000,85,20260925,
1day,000001.SS,QLIKE,HistoricalVolatility,787,-1.0976094948159556,True,1.0,13,R,0.1,10000,44,20260925,identical forecasts to Persistence; result is Persistence's
1day,000001.SS,QLIKE,Persistence,787,-1.0976094948159556,True,1.0,13,R,0.1,10000,44,20260925,
1day,000001.SS,QLIKE,GARCH,787,-1.054625962780085,False,0.0,2,R,0.1,10000,44,20260925,
1day,000001.SS,QLIKE,EGARCH,787,-1.0694200254251498,False,0.0008,4,R,0.1,10000,44,20260925,
1day,000001.SS,QLIKE,GJRGARCH,787,-1.0442715931969446,False,0.0,1,R,0.1,10000,44,20260925,
1day,000001.SS,QLIKE,LinearRegression,787,-1.0970148681279444,True,0.3506,12,R,0.1,10000,44,20260925,
1day,000001.SS,QLIKE,RandomForest,787,-1.0968523943823825,True,0.2329,11,R,0.1,10000,44,20260925,
1day,000001.SS,QLIKE,XGBoost,787,-1.0957473892329495,False,0.028,9,R,0.1,10000,44,20260925,
1day,000001.SS,QLIKE,LSTM,787,-1.0941563309897386,False,0.028,8,R,0.1,10000,44,20260925,
1day,000001.SS,QLIKE,GRU,787,-1.0896238160966627,False,0.0017,5,R,0.1,10000,44,20260925,
1day,000001.SS,QLIKE,Transformer,787,-1.0452956625199312,False,0.0173,7,R,0.1,10000,44,20260925,
1day,000001.SS,QLIKE,GARCHLSTM,787,-1.0938680152145779,False,0.0037,6,R,0.1,10000,44,20260925,
1day,000001.SS,QLIKE,GARCHGRU,787,-1.094193093735386,False,0.028,10,R,0.1,10000,44,20260925,
1day,000001.SS,QLIKE,GARCHTransformer,787,-1.0400982652998576,False,0.0008,3,R,0.1,10000,44,20260925,
1day,000001.SS,SquaredError,HistoricalVolatility,787,0.0001958246828380334,True,0.3558,12,R,0.1,10000,44,20260925,identical forecasts to Persistence; result is Persistence's
1day,000001.SS,SquaredError,Persistence,787,0.0001958246828380334,True,0.3558,12,R,0.1,10000,44,20260925,
1day,000001.SS,SquaredError,GARCH,787,0.0018688171393053958,False,0.0,2,R,0.1,10000,44,20260925,
1day,000001.SS,SquaredError,EGARCH,787,0.0016253402581826195,False,0.0188,9,R,0.1,10000,44,20260925,
1day,000001.SS,SquaredError,GJRGARCH,787,0.0022049968740886013,False,0.0,1,R,0.1,10000,44,20260925,
1day,000001.SS,SquaredError,LinearRegression,787,0.0001864631648031721,True,1.0,13,R,0.1,10000,44,20260925,
1day,000001.SS,SquaredError,RandomForest,787,0.0002130489179934418,False,0.0079,5,R,0.1,10000,44,20260925,
1day,000001.SS,SquaredError,XGBoost,787,0.0002537093435981359,False,0.0001,3,R,0.1,10000,44,20260925,
1day,000001.SS,SquaredError,LSTM,787,0.0002756476183941867,False,0.0019,4,R,0.1,10000,44,20260925,
1day,000001.SS,SquaredError,GRU,787,0.00045785330229942424,False,0.0088,6,R,0.1,10000,44,20260925,
1day,000001.SS,SquaredError,Transformer,787,0.003743263777491269,False,0.0223,11,R,0.1,10000,44,20260925,
1day,000001.SS,SquaredError,GARCHLSTM,787,0.00031592658464545223,False,0.0223,10,R,0.1,10000,44,20260925,
1day,000001.SS,SquaredError,GARCHGRU,787,0.0002778840355084871,False,0.0179,7,R,0.1,10000,44,20260925,
1day,000001.SS,SquaredError,GARCHTransformer,787,0.0035909602588444106,False,0.0179,8,R,0.1,10000,44,20260925,
5day,^GSPC,QLIKE,HistoricalVolatility,787,-1.063178935474712,True,0.6652,11,R,0.1,10000,39,20260925,identical forecasts to Persistence; result is Persistence's
5day,^GSPC,QLIKE,Persistence,787,-1.063178935474712,True,0.6652,11,R,0.1,10000,39,20260925,
5day,^GSPC,QLIKE,GARCH,787,-1.054860463505864,False,0.0068,5,R,0.1,10000,39,20260925,
5day,^GSPC,QLIKE,EGARCH,787,-1.0536379038265753,False,0.0012,2,R,0.1,10000,39,20260925,
5day,^GSPC,QLIKE,GJRGARCH,787,-1.0595266447374667,False,0.0068,4,R,0.1,10000,39,20260925,
5day,^GSPC,QLIKE,LinearRegression,787,-1.0631185897687652,True,0.6652,12,R,0.1,10000,39,20260925,
5day,^GSPC,QLIKE,RandomForest,787,-1.0590327930950514,True,0.2765,10,R,0.1,10000,39,20260925,
5day,^GSPC,QLIKE,XGBoost,787,-1.0542660359667826,False,0.0009,1,R,0.1,10000,39,20260925,
5day,^GSPC,QLIKE,LSTM,787,-1.0482991160948005,False,0.0233,6,R,0.1,10000,39,20260925,
5day,^GSPC,QLIKE,GRU,787,-1.0579327362506363,False,0.026,7,R,0.1,10000,39,20260925,
5day,^GSPC,QLIKE,Transformer,787,-1.0211188642704343,False,0.0068,3,R,0.1,10000,39,20260925,
5day,^GSPC,QLIKE,GARCHLSTM,787,-1.0591556951157939,False,0.0496,9,R,0.1,10000,39,20260925,
5day,^GSPC,QLIKE,GARCHGRU,787,-1.0648700808023874,True,1.0,13,R,0.1,10000,39,20260925,
5day,^GSPC,QLIKE,GARCHTransformer,787,-1.0087148882396395,False,0.0455,8,R,0.1,10000,39,20260925,
5day,^GSPC,SquaredError,HistoricalVolatility,787,0.0008627657622502816,True,0.371,11,R,0.1,10000,85,20260925,identical forecasts to Persistence; result is Persistence's
5day,^GSPC,SquaredError,Persistence,787,0.0008627657622502816,True,0.371,11,R,0.1,10000,85,20260925,
5day,^GSPC,SquaredError,GARCH,787,0.0009758901665665917,False,0.0478,3,R,0.1,10000,85,20260925,
5day,^GSPC,SquaredError,EGARCH,787,0.0012545996967653272,False,0.0478,4,R,0.1,10000,85,20260925,
5day,^GSPC,SquaredError,GJRGARCH,787,0.0009845852028013693,False,0.0259,1,R,0.1,10000,85,20260925,
5day,^GSPC,SquaredError,LinearRegression,787,0.0007258682103134288,True,0.5003,12,R,0.1,10000,85,20260925,
5day,^GSPC,SquaredError,RandomForest,787,0.0011139275140330676,True,0.1376,9,R,0.1,10000,85,20260925,
5day,^GSPC,SquaredError,XGBoost,787,0.0012624922036879953,False,0.0478,2,R,0.1,10000,85,20260925,
5day,^GSPC,SquaredError,LSTM,787,0.0019362519099746587,True,0.1283,6,R,0.1,10000,85,20260925,
5day,^GSPC,SquaredError,GRU,787,0.0008594316291687953,False,0.0908,5,R,0.1,10000,85,20260925,
5day,^GSPC,SquaredError,Transformer,787,0.0029283550101828425,True,0.1376,8,R,0.1,10000,85,20260925,
5day,^GSPC,SquaredError,GARCHLSTM,787,0.001057074105135403,True,0.1376,7,R,0.1,10000,85,20260925,
5day,^GSPC,SquaredError,GARCHGRU,787,0.0006120354645590638,True,1.0,13,R,0.1,10000,85,20260925,
5day,^GSPC,SquaredError,GARCHTransformer,787,0.004139755541820496,True,0.1376,10,R,0.1,10000,85,20260925,
5day,^IXIC,QLIKE,HistoricalVolatility,787,-0.7422091029471576,True,0.6426,11,R,0.1,10000,38,20260925,identical forecasts to Persistence; result is Persistence's
5day,^IXIC,QLIKE,Persistence,787,-0.7422091029471576,True,0.6426,11,R,0.1,10000,38,20260925,
5day,^IXIC,QLIKE,GARCH,787,-0.7422775192244462,True,0.6426,12,R,0.1,10000,38,20260925,
5day,^IXIC,QLIKE,EGARCH,787,-0.739219259647016,False,0.0908,8,R,0.1,10000,38,20260925,
5day,^IXIC,QLIKE,GJRGARCH,787,-0.7388466310092596,False,0.0748,7,R,0.1,10000,38,20260925,
5day,^IXIC,QLIKE,LinearRegression,787,-0.74186134263401,True,0.6372,10,R,0.1,10000,38,20260925,
5day,^IXIC,QLIKE,RandomForest,787,-0.7393817257405405,True,0.1288,9,R,0.1,10000,38,20260925,
5day,^IXIC,QLIKE,XGBoost,787,-0.7308717299091971,False,0.0,1,R,0.1,10000,38,20260925,
5day,^IXIC,QLIKE,LSTM,787,-0.7324840357872967,False,0.0036,4,R,0.1,10000,38,20260925,
5day,^IXIC,QLIKE,GRU,787,-0.7360018265396286,False,0.0054,5,R,0.1,10000,38,20260925,
5day,^IXIC,QLIKE,Transformer,787,-0.6840495326956599,False,0.0054,6,R,0.1,10000,38,20260925,
5day,^IXIC,QLIKE,GARCHLSTM,787,-0.7383188640229604,False,0.0029,2,R,0.1,10000,38,20260925,
5day,^IXIC,QLIKE,GARCHGRU,787,-0.7437614339536474,True,1.0,13,R,0.1,10000,38,20260925,
5day,^IXIC,QLIKE,GARCHTransformer,787,-0.7046397043702458,False,0.0034,3,R,0.1,10000,38,20260925,
5day,^IXIC,SquaredError,HistoricalVolatility,787,0.0012245723469953376,True,0.6741,10,R,0.1,10000,85,20260925,identical forecasts to Persistence; result is Persistence's
5day,^IXIC,SquaredError,Persistence,787,0.0012245723469953376,True,0.6741,10,R,0.1,10000,85,20260925,
5day,^IXIC,SquaredError,GARCH,787,0.0010961470355062978,True,0.6741,12,R,0.1,10000,85,20260925,
5day,^IXIC,SquaredError,EGARCH,787,0.0016318642361761854,True,0.3658,9,R,0.1,10000,85,20260925,
5day,^IXIC,SquaredError,GJRGARCH,787,0.0014946221366360407,False,0.0256,3,R,0.1,10000,85,20260925,
5day,^IXIC,SquaredError,LinearRegression,787,0.0010732405088660832,True,0.6741,11,R,0.1,10000,85,20260925,
5day,^IXIC,SquaredError,RandomForest,787,0.0016391160282887625,True,0.3645,8,R,0.1,10000,85,20260925,
5day,^IXIC,SquaredError,XGBoost,787,0.0021149273255992615,False,0.0256,4,R,0.1,10000,85,20260925,
5day,^IXIC,SquaredError,LSTM,787,0.002034349841944291,False,0.0472,5,R,0.1,10000,85,20260925,
5day,^IXIC,SquaredError,GRU,787,0.00134838992612627,False,0.023,1,R,0.1,10000,85,20260925,
5day,^IXIC,SquaredError,Transformer,787,0.005462927479624759,True,0.1059,7,R,0.1,10000,85,20260925,
5day,^IXIC,SquaredError,GARCHLSTM,787,0.0013803731090909523,False,0.023,2,R,0.1,10000,85,20260925,
5day,^IXIC,SquaredError,GARCHGRU,787,0.0008892704887154251,True,1.0,13,R,0.1,10000,85,20260925,
5day,^IXIC,SquaredError,GARCHTransformer,787,0.004087383496260144,False,0.0508,6,R,0.1,10000,85,20260925,
5day,^FTSE,QLIKE,HistoricalVolatility,787,-1.3315752849577038,True,0.9448,10,R,0.1,10000,43,20260925,identical forecasts to Persistence; result is Persistence's
5day,^FTSE,QLIKE,Persistence,787,-1.3315752849577038,True,0.9448,10,R,0.1,10000,43,20260925,
5day,^FTSE,QLIKE,GARCH,787,-1.307628669534774,False,0.0,3,R,0.1,10000,43,20260925,
5day,^FTSE,QLIKE,EGARCH,787,-1.319290546906761,False,0.0,1,R,0.1,10000,43,20260925,
5day,^FTSE,QLIKE,GJRGARCH,787,-1.3146331847252595,False,0.0,2,R,0.1,10000,43,20260925,
5day,^FTSE,QLIKE,LinearRegression,787,-1.3239629454055821,True,0.7847,9,R,0.1,10000,43,20260925,
5day,^FTSE,QLIKE,RandomForest,787,-1.3323366507455294,True,1.0,13,R,0.1,10000,43,20260925,
5day,^FTSE,QLIKE,XGBoost,787,-1.3271675333170203,False,0.0418,4,R,0.1,10000,43,20260925,
5day,^FTSE,QLIKE,LSTM,787,-1.3234996805346544,False,0.0418,6,R,0.1,10000,43,20260925,
5day,^FTSE,QLIKE,GRU,787,-1.331796241287569,True,0.9448,11,R,0.1,10000,43,20260925,
5day,^FTSE,QLIKE,Transformer,787,-1.3083027483578757,False,0.0418,5,R,0.1,10000,43,20260925,
5day,^FTSE,QLIKE,GARCHLSTM,787,-1.327663418091195,False,0.0558,8,R,0.1,10000,43,20260925,
5day,^FTSE,QLIKE,GARCHGRU,787,-1.3322738223755495,True,0.9813,12,R,0.1,10000,43,20260925,
5day,^FTSE,QLIKE,GARCHTransformer,787,-1.2968607405876762,False,0.0418,7,R,0.1,10000,43,20260925,
5day,^FTSE,SquaredError,HistoricalVolatility,787,0.0006606734938262484,True,0.3258,11,R,0.1,10000,85,20260925,identical forecasts to Persistence; result is Persistence's
5day,^FTSE,SquaredError,Persistence,787,0.0006606734938262484,True,0.3258,11,R,0.1,10000,85,20260925,
5day,^FTSE,SquaredError,GARCH,787,0.0010614764646748602,False,0.0,1,R,0.1,10000,85,20260925,
5day,^FTSE,SquaredError,EGARCH,787,0.0008208633517545932,False,0.0,3,R,0.1,10000,85,20260925,
5day,^FTSE,SquaredError,GJRGARCH,787,0.001105155754905095,False,0.0,2,R,0.1,10000,85,20260925,
5day,^FTSE,SquaredError,LinearRegression,787,0.0005357151575470247,True,0.3436,12,R,0.1,10000,85,20260925,
5day,^FTSE,SquaredError,RandomForest,787,0.0005879401803889274,False,0.0995,5,R,0.1,10000,85,20260925,
5day,^FTSE,SquaredError,XGBoost,787,0.0007137872269319627,False,0.0016,4,R,0.1,10000,85,20260925,
5day,^FTSE,SquaredError,LSTM,787,0.0008539842261709469,True,0.1367,7,R,0.1,10000,85,20260925,
5day,^FTSE,SquaredError,GRU,787,0.0005790390269882829,True,0.3258,10,R,0.1,10000,85,20260925,
5day,^FTSE,SquaredError,Transformer,787,0.0015070854088357981,True,0.1382,9,R,0.1,10000,85,20260925,
5day,^FTSE,SquaredError,GARCHLSTM,787,0.0006713959772269927,True,0.1382,8,R,0.1,10000,85,20260925,
5day,^FTSE,SquaredError,GARCHGRU,787,0.0004930947946292516,True,1.0,13,R,0.1,10000,85,20260925,
5day,^FTSE,SquaredError,GARCHTransformer,787,0.0019679585705090616,True,0.1319,6,R,0.1,10000,85,20260925,
5day,^GDAXI,QLIKE,HistoricalVolatility,787,-1.0538737954363189,True,0.7717,11,R,0.1,10000,42,20260925,identical forecasts to Persistence; result is Persistence's
5day,^GDAXI,QLIKE,Persistence,787,-1.0538737954363189,True,0.7717,11,R,0.1,10000,42,20260925,
5day,^GDAXI,QLIKE,GARCH,787,-1.0364898936763545,False,0.0,2,R,0.1,10000,42,20260925,
5day,^GDAXI,QLIKE,EGARCH,787,-1.0375154530911002,False,0.0,1,R,0.1,10000,42,20260925,
5day,^GDAXI,QLIKE,GJRGARCH,787,-1.0409115659205102,False,0.0001,5,R,0.1,10000,42,20260925,
5day,^GDAXI,QLIKE,LinearRegression,787,-1.0545487789214032,True,1.0,13,R,0.1,10000,42,20260925,
5day,^GDAXI,QLIKE,RandomForest,787,-1.05010221303637,False,0.0329,8,R,0.1,10000,42,20260925,
5day,^GDAXI,QLIKE,XGBoost,787,-1.043515594929174,False,0.0004,6,R,0.1,10000,42,20260925,
5day,^GDAXI,QLIKE,LSTM,787,-1.0451042163462847,False,0.0001,4,R,0.1,10000,42,20260925,
5day,^GDAXI,QLIKE,GRU,787,-1.0473310707006653,True,0.1262,9,R,0.1,10000,42,20260925,
5day,^GDAXI,QLIKE,Transformer,787,-1.0209581994629802,False,0.003,7,R,0.1,10000,42,20260925,
5day,^GDAXI,QLIKE,GARCHLSTM,787,-1.054036099076127,True,0.7717,12,R,0.1,10000,42,20260925,
5day,^GDAXI,QLIKE,GARCHGRU,787,-1.0502990878684602,True,0.3828,10,R,0.1,10000,42,20260925,
5day,^GDAXI,QLIKE,GARCHTransformer,787,-1.0239634195340275,False,0.0001,3,R,0.1,10000,42,20260925,
5day,^GDAXI,SquaredError,HistoricalVolatility,787,0.0006135078548581197,True,0.4263,10,R,0.1,10000,59,20260925,identical forecasts to Persistence; result is Persistence's
5day,^GDAXI,SquaredError,Persistence,787,0.0006135078548581197,True,0.4263,10,R,0.1,10000,59,20260925,
5day,^GDAXI,SquaredError,GARCH,787,0.0011029543785309728,False,0.0,2,R,0.1,10000,59,20260925,
5day,^GDAXI,SquaredError,EGARCH,787,0.0011273271855139887,False,0.0,1,R,0.1,10000,59,20260925,
5day,^GDAXI,SquaredError,GJRGARCH,787,0.0012297092952925886,False,0.0,3,R,0.1,10000,59,20260925,
5day,^GDAXI,SquaredError,LinearRegression,787,0.0005158208332231762,True,1.0,13,R,0.1,10000,59,20260925,
5day,^GDAXI,SquaredError,RandomForest,787,0.0007673136004213095,False,0.0233,7,R,0.1,10000,59,20260925,
5day,^GDAXI,SquaredError,XGBoost,787,0.0011138705874115357,False,0.0066,5,R,0.1,10000,59,20260925,
5day,^GDAXI,SquaredError,LSTM,787,0.0009353499389928665,False,0.0013,4,R,0.1,10000,59,20260925,
5day,^GDAXI,SquaredError,GRU,787,0.0007032652237388948,True,0.3479,9,R,0.1,10000,59,20260925,
5day,^GDAXI,SquaredError,Transformer,787,0.001967541359453866,False,0.0233,8,R,0.1,10000,59,20260925,
5day,^GDAXI,SquaredError,GARCHLSTM,787,0.0006316435828448451,True,0.6394,11,R,0.1,10000,59,20260925,
5day,^GDAXI,SquaredError,GARCHGRU,787,0.0005775441483878829,True,0.6394,12,R,0.1,10000,59,20260925,
5day,^GDAXI,SquaredError,GARCHTransformer,787,0.0018541057246761498,False,0.0192,6,R,0.1,10000,59,20260925,
5day,^N225,QLIKE,HistoricalVolatility,787,-0.7182402049674036,True,0.2194,11,R,0.1,10000,67,20260925,identical forecasts to Persistence; result is Persistence's
5day,^N225,QLIKE,Persistence,787,-0.7182402049674036,True,0.2194,11,R,0.1,10000,67,20260925,
5day,^N225,QLIKE,GARCH,787,-0.7157929407301556,True,0.1261,9,R,0.1,10000,67,20260925,
5day,^N225,QLIKE,EGARCH,787,-0.7071393222947058,False,0.0001,1,R,0.1,10000,67,20260925,
5day,^N225,QLIKE,GJRGARCH,787,-0.7187239901583689,True,0.295,12,R,0.1,10000,67,20260925,
5day,^N225,QLIKE,LinearRegression,787,-0.716460460438894,True,0.1261,10,R,0.1,10000,67,20260925,
5day,^N225,QLIKE,RandomForest,787,-0.7106102926862323,False,0.0067,3,R,0.1,10000,67,20260925,
5day,^N225,QLIKE,XGBoost,787,-0.7089684548314908,False,0.0001,2,R,0.1,10000,67,20260925,
5day,^N225,QLIKE,LSTM,787,-0.7076010744383137,False,0.0359,5,R,0.1,10000,67,20260925,
5day,^N225,QLIKE,GRU,787,-0.712499816866115,False,0.0835,7,R,0.1,10000,67,20260925,
5day,^N225,QLIKE,Transformer,787,-0.674525642544424,False,0.0805,6,R,0.1,10000,67,20260925,
5day,^N225,QLIKE,GARCHLSTM,787,-0.7160399319326979,False,0.0319,4,R,0.1,10000,67,20260925,
5day,^N225,QLIKE,GARCHGRU,787,-0.7212881650264418,True,1.0,13,R,0.1,10000,67,20260925,
5day,^N225,QLIKE,GARCHTransformer,787,-0.6442441804605445,False,0.0836,8,R,0.1,10000,67,20260925,
5day,^N225,SquaredError,HistoricalVolatility,787,0.0033190129897714567,True,0.2477,10,R,0.1,10000,85,20260925,identical forecasts to Persistence; result is Persistence's
5day,^N225,SquaredError,Persistence,787,0.0033190129897714567,True,0.2477,10,R,0.1,10000,85,20260925,
5day,^N225,SquaredError,GARCH,787,0.00268945669205645,False,0.0792,5,R,0.1,10000,85,20260925,
5day,^N225,SquaredError,EGARCH,787,0.003985372325174985,False,0.0393,3,R,0.1,10000,85,20260925,
5day,^N225,SquaredError,GJRGARCH,787,0.002734747491895614,True,0.2477,11,R,0.1,10000,85,20260925,
5day,^N225,SquaredError,LinearRegression,787,0.0027772012853255596,True,0.2477,12,R,0.1,10000,85,20260925,
5day,^N225,SquaredError,RandomForest,787,0.0037358193645693825,False,0.0381,2,R,0.1,10000,85,20260925,
5day,^N225,SquaredError,XGBoost,787,0.003921707022617917,False,0.0247,1,R,0.1,10000,85,20260925,
5day,^N225,SquaredError,LSTM,787,0.003690091604015511,True,0.1135,6,R,0.1,10000,85,20260925,
5day,^N225,SquaredError,GRU,787,0.003227500304394505,True,0.1992,9,R,0.1,10000,85,20260925,
5day,^N225,SquaredError,Transformer,787,0.008001275754847182,True,0.1556,7,R,0.1,10000,85,20260925,
5day,^N225,SquaredError,GARCHLSTM,787,0.0027792769100814193,False,0.0492,4,R,0.1,10000,85,20260925,
5day,^N225,SquaredError,GARCHGRU,787,0.002197379482957137,True,1.0,13,R,0.1,10000,85,20260925,
5day,^N225,SquaredError,GARCHTransformer,787,0.011013022238207592,True,0.1645,8,R,0.1,10000,85,20260925,
5day,^HSI,QLIKE,HistoricalVolatility,787,-0.5387576276753532,True,0.6885,10,R,0.1,10000,85,20260925,identical forecasts to Persistence; result is Persistence's
5day,^HSI,QLIKE,Persistence,787,-0.5387576276753532,True,0.6885,10,R,0.1,10000,85,20260925,
5day,^HSI,QLIKE,GARCH,787,-0.5402539440420786,True,1.0,13,R,0.1,10000,85,20260925,
5day,^HSI,QLIKE,EGARCH,787,-0.5342736610918051,False,0.0202,5,R,0.1,10000,85,20260925,
5day,^HSI,QLIKE,GJRGARCH,787,-0.538569722278378,True,0.5342,9,R,0.1,10000,85,20260925,
5day,^HSI,QLIKE,LinearRegression,787,-0.5266036581762045,True,0.4231,8,R,0.1,10000,85,20260925,
5day,^HSI,QLIKE,RandomForest,787,-0.5348663728112264,False,0.0072,4,R,0.1,10000,85,20260925,
5day,^HSI,QLIKE,XGBoost,787,-0.5332917347996117,False,0.001,1,R,0.1,10000,85,20260925,
5day,^HSI,QLIKE,LSTM,787,-0.523041680118746,False,0.0202,6,R,0.1,10000,85,20260925,
5day,^HSI,QLIKE,GRU,787,-0.5233515927173197,False,0.0039,2,R,0.1,10000,85,20260925,
5day,^HSI,QLIKE,Transformer,787,-0.4849607651570743,False,0.0047,3,R,0.1,10000,85,20260925,
5day,^HSI,QLIKE,GARCHLSTM,787,-0.5387701230072035,True,0.7234,11,R,0.1,10000,85,20260925,
5day,^HSI,QLIKE,GARCHGRU,787,-0.539239375226537,True,0.7336,12,R,0.1,10000,85,20260925,
5day,^HSI,QLIKE,GARCHTransformer,787,-0.45447218276132784,False,0.0202,7,R,0.1,10000,85,20260925,
5day,^HSI,SquaredError,HistoricalVolatility,787,0.0022863163942360536,True,0.3691,10,R,0.1,10000,85,20260925,identical forecasts to Persistence; result is Persistence's
5day,^HSI,SquaredError,Persistence,787,0.0022863163942360536,True,0.3691,10,R,0.1,10000,85,20260925,
5day,^HSI,SquaredError,GARCH,787,0.0017298793191198865,True,1.0,13,R,0.1,10000,85,20260925,
5day,^HSI,SquaredError,EGARCH,787,0.0027461280403630476,True,0.1646,7,R,0.1,10000,85,20260925,
5day,^HSI,SquaredError,GJRGARCH,787,0.002222672737872534,True,0.3691,8,R,0.1,10000,85,20260925,
5day,^HSI,SquaredError,LinearRegression,787,0.0023329910736828332,True,0.3691,9,R,0.1,10000,85,20260925,
5day,^HSI,SquaredError,RandomForest,787,0.002687744704039719,False,0.0835,1,R,0.1,10000,85,20260925,
5day,^HSI,SquaredError,XGBoost,787,0.0027991639243713047,False,0.0867,2,R,0.1,10000,85,20260925,
5day,^HSI,SquaredError,LSTM,787,0.003869095694565995,False,0.0988,6,R,0.1,10000,85,20260925,
5day,^HSI,SquaredError,GRU,787,0.003229730774600688,False,0.0877,3,R,0.1,10000,85,20260925,
5day,^HSI,SquaredError,Transformer,787,0.00738920715837586,False,0.0906,4,R,0.1,10000,85,20260925,
5day,^HSI,SquaredError,GARCHLSTM,787,0.001949332482508951,True,0.3923,11,R,0.1,10000,85,20260925,
5day,^HSI,SquaredError,GARCHGRU,787,0.0017701648792631645,True,0.8772,12,R,0.1,10000,85,20260925,
5day,^HSI,SquaredError,GARCHTransformer,787,0.009421946457694199,False,0.0978,5,R,0.1,10000,85,20260925,
5day,000001.SS,QLIKE,HistoricalVolatility,787,-1.0759475026065475,True,1.0,13,R,0.1,10000,53,20260925,identical forecasts to Persistence; result is Persistence's
5day,000001.SS,QLIKE,Persistence,787,-1.0759475026065475,True,1.0,13,R,0.1,10000,53,20260925,
5day,000001.SS,QLIKE,GARCH,787,-1.0370171380213211,False,0.0004,2,R,0.1,10000,53,20260925,
5day,000001.SS,QLIKE,EGARCH,787,-1.057733392154627,False,0.0,1,R,0.1,10000,53,20260925,
5day,000001.SS,QLIKE,GJRGARCH,787,-1.062922338678395,True,0.1136,8,R,0.1,10000,53,20260925,
5day,000001.SS,QLIKE,LinearRegression,787,-1.0492362682642962,True,0.6721,11,R,0.1,10000,53,20260925,
5day,000001.SS,QLIKE,RandomForest,787,-1.075064210180143,True,0.7471,12,R,0.1,10000,53,20260925,
5day,000001.SS,QLIKE,XGBoost,787,-1.0667648477839171,False,0.0252,7,R,0.1,10000,53,20260925,
5day,000001.SS,QLIKE,LSTM,787,-1.054243287001998,False,0.0252,6,R,0.1,10000,53,20260925,
5day,000001.SS,QLIKE,GRU,787,-1.0719622346739193,True,0.3291,10,R,0.1,10000,53,20260925,
5day,000001.SS,QLIKE,Transformer,787,-1.0261281183779596,False,0.0006,3,R,0.1,10000,53,20260925,
5day,000001.SS,QLIKE,GARCHLSTM,787,-1.068530315032043,True,0.3291,9,R,0.1,10000,53,20260925,
5day,000001.SS,QLIKE,GARCHGRU,787,-1.0633907819600499,False,0.0252,5,R,0.1,10000,53,20260925,
5day,000001.SS,QLIKE,GARCHTransformer,787,-1.0326353093401386,False,0.014,4,R,0.1,10000,53,20260925,
5day,000001.SS,SquaredError,HistoricalVolatility,787,0.0012742368546041097,True,0.8414,12,R,0.1,10000,62,20260925,identical forecasts to Persistence; result is Persistence's
5day,000001.SS,SquaredError,Persistence,787,0.0012742368546041097,True,0.8414,12,R,0.1,10000,62,20260925,
5day,000001.SS,SquaredError,GARCH,787,0.0025154892469592483,False,0.0058,2,R,0.1,10000,62,20260925,
5day,000001.SS,SquaredError,EGARCH,787,0.002164376103380717,False,0.0225,3,R,0.1,10000,62,20260925,
5day,000001.SS,SquaredError,GJRGARCH,787,0.0016349111109374727,True,0.1464,4,R,0.1,10000,62,20260925,
5day,000001.SS,SquaredError,LinearRegression,787,0.0012571053523957282,True,1.0,13,R,0.1,10000,62,20260925,
5day,000001.SS,SquaredError,RandomForest,787,0.001318790913482236,True,0.8414,10,R,0.1,10000,62,20260925,
5day,000001.SS,SquaredError,XGBoost,787,0.0016484879468688387,False,0.0002,1,R,0.1,10000,62,20260925,
5day,000001.SS,SquaredError,LSTM,787,0.0022693675923520637,True,0.1781,7,R,0.1,10000,62,20260925,
5day,000001.SS,SquaredError,GRU,787,0.0013618978734305637,True,0.8414,11,R,0.1,10000,62,20260925,
5day,000001.SS,SquaredError,Transformer,787,0.005191902684010494,True,0.1464,5,R,0.1,10000,62,20260925,
5day,000001.SS,SquaredError,GARCHLSTM,787,0.0015375065280551967,True,0.5853,9,R,0.1,10000,62,20260925,
5day,000001.SS,SquaredError,GARCHGRU,787,0.0015058600773254541,True,0.5525,8,R,0.1,10000,62,20260925,
5day,000001.SS,SquaredError,GARCHTransformer,787,0.004049660145046194,True,0.1682,6,R,0.1,10000,62,20260925,
22day,^GSPC,QLIKE,HistoricalVolatility,784,-0.987436446301822,True,0.1585,9,R,0.1,10000,42,20260925,identical forecasts to Persistence; result is Persistence's
22day,^GSPC,QLIKE,Persistence,784,-0.987436446301822,True,0.1585,9,R,0.1,10000,42,20260925,
22day,^GSPC,QLIKE,GARCH,784,-1.0184146876156819,True,1.0,13,R,0.1,10000,42,20260925,
22day,^GSPC,QLIKE,EGARCH,784,-0.9930896947437181,False,0.0005,1,R,0.1,10000,42,20260925,
22day,^GSPC,QLIKE,GJRGARCH,784,-1.015432564440231,True,0.7092,12,R,0.1,10000,42,20260925,
22day,^GSPC,QLIKE,LinearRegression,784,-0.9753466355310199,False,0.0879,8,R,0.1,10000,42,20260925,
22day,^GSPC,QLIKE,RandomForest,784,-0.9820902473496976,False,0.0286,6,R,0.1,10000,42,20260925,
22day,^GSPC,QLIKE,XGBoost,784,-0.9601552487985575,False,0.0286,4,R,0.1,10000,42,20260925,
22day,^GSPC,QLIKE,LSTM,784,-0.9764326583017299,False,0.0286,7,R,0.1,10000,42,20260925,
22day,^GSPC,QLIKE,GRU,784,-0.9948143866561945,False,0.0077,2,R,0.1,10000,42,20260925,
22day,^GSPC,QLIKE,Transformer,784,-0.9914608072729485,False,0.0286,5,R,0.1,10000,42,20260925,
22day,^GSPC,QLIKE,GARCHLSTM,784,-0.99278960835974,False,0.0261,3,R,0.1,10000,42,20260925,
22day,^GSPC,QLIKE,GARCHGRU,784,-1.0068803938920248,True,0.1585,10,R,0.1,10000,42,20260925,
22day,^GSPC,QLIKE,GARCHTransformer,784,-0.9867452334140664,True,0.2679,11,R,0.1,10000,42,20260925,
22day,^GSPC,SquaredError,HistoricalVolatility,784,0.005999955504162265,True,0.3296,10,R,0.1,10000,42,20260925,identical forecasts to Persistence; result is Persistence's
22day,^GSPC,SquaredError,Persistence,784,0.005999955504162265,True,0.3296,10,R,0.1,10000,42,20260925,
22day,^GSPC,SquaredError,GARCH,784,0.00389578252988827,True,1.0,13,R,0.1,10000,42,20260925,
22day,^GSPC,SquaredError,EGARCH,784,0.004974692511603678,False,0.0713,5,R,0.1,10000,42,20260925,
22day,^GSPC,SquaredError,GJRGARCH,784,0.004011452370176152,True,0.788,12,R,0.1,10000,42,20260925,
22day,^GSPC,SquaredError,LinearRegression,784,0.0050643001335173065,True,0.1184,8,R,0.1,10000,42,20260925,
22day,^GSPC,SquaredError,RandomForest,784,0.006151902852142569,False,0.0111,2,R,0.1,10000,42,20260925,
22day,^GSPC,SquaredError,XGBoost,784,0.006893504028227467,False,0.0016,1,R,0.1,10000,42,20260925,
22day,^GSPC,SquaredError,LSTM,784,0.006061925615611,False,0.0999,7,R,0.1,10000,42,20260925,
22day,^GSPC,SquaredError,GRU,784,0.00513301218607507,False,0.0135,3,R,0.1,10000,42,20260925,
22day,^GSPC,SquaredError,Transformer,784,0.005430381457713256,False,0.0713,4,R,0.1,10000,42,20260925,
22day,^GSPC,SquaredError,GARCHLSTM,784,0.005140201528038823,False,0.0774,6,R,0.1,10000,42,20260925,
22day,^GSPC,SquaredError,GARCHGRU,784,0.00426983532995339,True,0.3296,9,R,0.1,10000,42,20260925,
22day,^GSPC,SquaredError,GARCHTransformer,784,0.004823107367673963,True,0.3927,11,R,0.1,10000,42,20260925,
22day,^IXIC,QLIKE,HistoricalVolatility,784,-0.6823651093831407,False,0.0221,4,R,0.1,10000,41,20260925,identical forecasts to Persistence; result is Persistence's
22day,^IXIC,QLIKE,Persistence,784,-0.6823651093831407,False,0.0221,4,R,0.1,10000,41,20260925,
22day,^IXIC,QLIKE,GARCH,784,-0.7062011581829692,True,0.2262,12,R,0.1,10000,41,20260925,
22day,^IXIC,QLIKE,EGARCH,784,-0.7004514185631452,False,0.0494,5,R,0.1,10000,41,20260925,
22day,^IXIC,QLIKE,GJRGARCH,784,-0.7135369848649536,True,1.0,13,R,0.1,10000,41,20260925,
22day,^IXIC,QLIKE,LinearRegression,784,-0.6766754286411248,False,0.0899,10,R,0.1,10000,41,20260925,
22day,^IXIC,QLIKE,RandomForest,784,-0.6774799731094552,False,0.0221,3,R,0.1,10000,41,20260925,
22day,^IXIC,QLIKE,XGBoost,784,-0.6764824651131303,False,0.008,2,R,0.1,10000,41,20260925,
22day,^IXIC,QLIKE,LSTM,784,-0.6717608531426202,False,0.0494,6,R,0.1,10000,41,20260925,
22day,^IXIC,QLIKE,GRU,784,-0.6903530889670403,False,0.0068,1,R,0.1,10000,41,20260925,
22day,^IXIC,QLIKE,Transformer,784,-0.6780120062299948,False,0.0799,8,R,0.1,10000,41,20260925,
22day,^IXIC,QLIKE,GARCHLSTM,784,-0.6924878958240769,False,0.0494,7,R,0.1,10000,41,20260925,
22day,^IXIC,QLIKE,GARCHGRU,784,-0.6965666483908456,False,0.0899,9,R,0.1,10000,41,20260925,
22day,^IXIC,QLIKE,GARCHTransformer,784,-0.656628000362219,False,0.0899,11,R,0.1,10000,41,20260925,
22day,^IXIC,SquaredError,HistoricalVolatility,784,0.008390224235930834,True,0.2597,8,R,0.1,10000,84,20260925,identical forecasts to Persistence; result is Persistence's
22day,^IXIC,SquaredError,Persistence,784,0.008390224235930834,True,0.2597,8,R,0.1,10000,84,20260925,
22day,^IXIC,SquaredError,GARCH,784,0.005580284416626539,True,0.3276,12,R,0.1,10000,84,20260925,
22day,^IXIC,SquaredError,EGARCH,784,0.005598475713433459,False,0.0336,3,R,0.1,10000,84,20260925,
22day,^IXIC,SquaredError,GJRGARCH,784,0.004587578728409428,True,1.0,13,R,0.1,10000,84,20260925,
22day,^IXIC,SquaredError,LinearRegression,784,0.006865459700521333,True,0.2597,9,R,0.1,10000,84,20260925,
22day,^IXIC,SquaredError,RandomForest,784,0.007058025292913516,False,0.0746,6,R,0.1,10000,84,20260925,
22day,^IXIC,SquaredError,XGBoost,784,0.006665325911281786,False,0.016,2,R,0.1,10000,84,20260925,
22day,^IXIC,SquaredError,LSTM,784,0.007739283078176354,False,0.0433,4,R,0.1,10000,84,20260925,
22day,^IXIC,SquaredError,GRU,784,0.007137130913344332,False,0.0014,1,R,0.1,10000,84,20260925,
22day,^IXIC,SquaredError,Transformer,784,0.006948915253464016,True,0.2567,7,R,0.1,10000,84,20260925,
22day,^IXIC,SquaredError,GARCHLSTM,784,0.0064521081008498595,False,0.0676,5,R,0.1,10000,84,20260925,
22day,^IXIC,SquaredError,GARCHGRU,784,0.006029615816258563,True,0.2597,10,R,0.1,10000,84,20260925,
22day,^IXIC,SquaredError,GARCHTransformer,784,0.007776677294655373,True,0.2597,11,R,0.1,10000,84,20260925,
22day,^FTSE,QLIKE,HistoricalVolatility,784,-1.2527835163240695,True,0.635,6,R,0.1,10000,48,20260925,identical forecasts to Persistence; result is Persistence's
22day,^FTSE,QLIKE,Persistence,784,-1.2527835163240695,True,0.635,6,R,0.1,10000,48,20260925,
22day,^FTSE,QLIKE,GARCH,784,-1.2385857809778205,False,0.0001,1,R,0.1,10000,48,20260925,
22day,^FTSE,QLIKE,EGARCH,784,-1.24625965827231,False,0.0013,3,R,0.1,10000,48,20260925,
22day,^FTSE,QLIKE,GJRGARCH,784,-1.2420929736403574,False,0.0002,2,R,0.1,10000,48,20260925,
22day,^FTSE,QLIKE,LinearRegression,784,7945.750731094903,True,0.635,10,R,0.1,10000,48,20260925,
22day,^FTSE,QLIKE,RandomForest,784,-1.256632903379226,False,0.0575,5,R,0.1,10000,48,20260925,
22day,^FTSE,QLIKE,XGBoost,784,-1.2461078878453096,False,0.0141,4,R,0.1,10000,48,20260925,
22day,^FTSE,QLIKE,LSTM,784,-1.2734776338707403,True,0.635,12,R,0.1,10000,48,20260925,
22day,^FTSE,QLIKE,GRU,784,-1.2756421409791896,True,0.635,11,R,0.1,10000,48,20260925,
22day,^FTSE,QLIKE,Transformer,784,-1.2731848816352969,True,0.635,8,R,0.1,10000,48,20260925,
22day,^FTSE,QLIKE,GARCHLSTM,784,-1.2822833070340656,True,1.0,13,R,0.1,10000,48,20260925,
22day,^FTSE,QLIKE,GARCHGRU,784,-1.2765157537476477,True,0.635,7,R,0.1,10000,48,20260925,
22day,^FTSE,QLIKE,GARCHTransformer,784,-1.2761647448896571,True,0.635,9,R,0.1,10000,48,20260925,
22day,^FTSE,SquaredError,HistoricalVolatility,784,0.003902922413321513,True,0.4444,7,R,0.1,10000,84,20260925,identical forecasts to Persistence; result is Persistence's
22day,^FTSE,SquaredError,Persistence,784,0.003902922413321513,True,0.4444,7,R,0.1,10000,84,20260925,
22day,^FTSE,SquaredError,GARCH,784,0.004049936916514784,False,0.0013,1,R,0.1,10000,84,20260925,
22day,^FTSE,SquaredError,EGARCH,784,0.0037843583617083827,False,0.0117,4,R,0.1,10000,84,20260925,
22day,^FTSE,SquaredError,GJRGARCH,784,0.004318165634646558,False,0.0028,2,R,0.1,10000,84,20260925,
22day,^FTSE,SquaredError,LinearRegression,784,0.00334438940470306,True,0.1438,6,R,0.1,10000,84,20260925,
22day,^FTSE,SquaredError,RandomForest,784,0.0037047529502324504,False,0.0154,5,R,0.1,10000,84,20260925,
22day,^FTSE,SquaredError,XGBoost,784,0.003925251727294377,False,0.0117,3,R,0.1,10000,84,20260925,
22day,^FTSE,SquaredError,LSTM,784,0.0029230100793709176,True,0.6297,8,R,0.1,10000,84,20260925,
22day,^FTSE,SquaredError,GRU,784,0.0027445323458964864,True,0.7945,10,R,0.1,10000,84,20260925,
22day,^FTSE,SquaredError,Transformer,784,0.002733558291753579,True,0.7945,9,R,0.1,10000,84,20260925,
22day,^FTSE,SquaredError,GARCHLSTM,784,0.002616264721244967,True,0.7945,12,R,0.1,10000,84,20260925,
22day,^FTSE,SquaredError,GARCHGRU,784,0.0026089136208957016,True,0.7945,11,R,0.1,10000,84,20260925,
22day,^FTSE,SquaredError,GARCHTransformer,784,0.0025241849777287314,True,1.0,13,R,0.1,10000,84,20260925,
22day,^GDAXI,QLIKE,HistoricalVolatility,784,-0.9958440545332531,True,0.996,12,R,0.1,10000,40,20260925,identical forecasts to Persistence; result is Persistence's
22day,^GDAXI,QLIKE,Persistence,784,-0.9958440545332531,True,0.996,12,R,0.1,10000,40,20260925,
22day,^GDAXI,QLIKE,GARCH,784,-0.9911436996732996,True,0.996,8,R,0.1,10000,40,20260925,
22day,^GDAXI,QLIKE,EGARCH,784,-0.9800659458778589,False,0.0633,2,R,0.1,10000,40,20260925,
22day,^GDAXI,QLIKE,GJRGARCH,784,-0.9596704029909118,False,0.0,1,R,0.1,10000,40,20260925,
22day,^GDAXI,QLIKE,LinearRegression,784,-0.9944957326207164,True,0.996,10,R,0.1,10000,40,20260925,
22day,^GDAXI,QLIKE,RandomForest,784,-0.9874047861569744,True,0.9854,6,R,0.1,10000,40,20260925,
22day,^GDAXI,QLIKE,XGBoost,784,-0.9920318932171976,True,0.996,9,R,0.1,10000,40,20260925,
22day,^GDAXI,QLIKE,LSTM,784,-0.9758531584635397,True,0.4256,3,R,0.1,10000,40,20260925,
22day,^GDAXI,QLIKE,GRU,784,-0.992424115860084,True,0.9854,5,R,0.1,10000,40,20260925,
22day,^GDAXI,QLIKE,Transformer,784,-0.9977382524475192,True,0.996,11,R,0.1,10000,40,20260925,
22day,^GDAXI,QLIKE,GARCHLSTM,784,-0.9849652646428689,True,0.9766,4,R,0.1,10000,40,20260925,
22day,^GDAXI,QLIKE,GARCHGRU,784,-0.989673268637428,True,0.9854,7,R,0.1,10000,40,20260925,
22day,^GDAXI,QLIKE,GARCHTransformer,784,-0.9985297304412513,True,1.0,13,R,0.1,10000,40,20260925,
22day,^GDAXI,SquaredError,HistoricalVolatility,784,0.003725035344832717,True,0.9851,11,R,0.1,10000,70,20260925,identical forecasts to Persistence; result is Persistence's
22day,^GDAXI,SquaredError,Persistence,784,0.003725035344832717,True,0.9851,11,R,0.1,10000,70,20260925,
22day,^GDAXI,SquaredError,GARCH,784,0.0039076887264266,True,0.937,9,R,0.1,10000,70,20260925,
22day,^GDAXI,SquaredError,EGARCH,784,0.004619777407590999,True,0.137,2,R,0.1,10000,70,20260925,
22day,^GDAXI,SquaredError,GJRGARCH,784,0.006191273083754168,False,0.0,1,R,0.1,10000,70,20260925,
22day,^GDAXI,SquaredError,LinearRegression,784,0.0036869451829489755,True,0.9851,10,R,0.1,10000,70,20260925,
22day,^GDAXI,SquaredError,RandomForest,784,0.0042588939694561045,True,0.699,6,R,0.1,10000,70,20260925,
22day,^GDAXI,SquaredError,XGBoost,784,0.004491913074420721,True,0.2886,4,R,0.1,10000,70,20260925,
22day,^GDAXI,SquaredError,LSTM,784,0.005272581969081302,True,0.137,3,R,0.1,10000,70,20260925,
22day,^GDAXI,SquaredError,GRU,784,0.0035250376002479104,True,0.9851,12,R,0.1,10000,70,20260925,
22day,^GDAXI,SquaredError,Transformer,784,0.003733796631115157,True,0.9138,8,R,0.1,10000,70,20260925,
22day,^GDAXI,SquaredError,GARCHLSTM,784,0.01734812201773597,True,0.7745,7,R,0.1,10000,70,20260925,
22day,^GDAXI,SquaredError,GARCHGRU,784,0.004859019658767915,True,0.5388,5,R,0.1,10000,70,20260925,
22day,^GDAXI,SquaredError,GARCHTransformer,784,0.003497269319129973,True,1.0,13,R,0.1,10000,70,20260925,
22day,^N225,QLIKE,HistoricalVolatility,784,-0.6055293143062106,True,0.2282,4,R,0.1,10000,83,20260925,identical forecasts to Persistence; result is Persistence's
22day,^N225,QLIKE,Persistence,784,-0.6055293143062106,True,0.2282,4,R,0.1,10000,83,20260925,
22day,^N225,QLIKE,GARCH,784,-0.6446768572891854,True,0.4313,9,R,0.1,10000,83,20260925,
22day,^N225,QLIKE,EGARCH,784,-0.6368608411640557,True,0.4162,7,R,0.1,10000,83,20260925,
22day,^N225,QLIKE,GJRGARCH,784,-0.6490097087787087,True,1.0,13,R,0.1,10000,83,20260925,
22day,^N225,QLIKE,LinearRegression,784,34082.6895750062,True,0.4313,12,R,0.1,10000,83,20260925,
22day,^N225,QLIKE,RandomForest,784,-0.6288029142765813,True,0.1916,2,R,0.1,10000,83,20260925,
22day,^N225,QLIKE,XGBoost,784,-0.5618440992952122,False,0.0044,1,R,0.1,10000,83,20260925,
22day,^N225,QLIKE,LSTM,784,-0.6106323222372229,True,0.4313,11,R,0.1,10000,83,20260925,
22day,^N225,QLIKE,GRU,784,-0.5861587000894671,True,0.2282,3,R,0.1,10000,83,20260925,
22day,^N225,QLIKE,Transformer,784,-0.6127421036784768,True,0.248,5,R,0.1,10000,83,20260925,
22day,^N225,QLIKE,GARCHLSTM,784,-0.6082562301689971,True,0.4313,10,R,0.1,10000,83,20260925,
22day,^N225,QLIKE,GARCHGRU,784,-0.592443610025603,True,0.4313,8,R,0.1,10000,83,20260925,
22day,^N225,QLIKE,GARCHTransformer,784,-0.6060781216198576,True,0.2935,6,R,0.1,10000,83,20260925,
22day,^N225,SquaredError,HistoricalVolatility,784,0.019677839182334116,True,0.4787,3,R,0.1,10000,43,20260925,identical forecasts to Persistence; result is Persistence's
22day,^N225,SquaredError,Persistence,784,0.019677839182334116,True,0.4787,3,R,0.1,10000,43,20260925,
22day,^N225,SquaredError,GARCH,784,0.013519283787679666,True,0.9491,6,R,0.1,10000,43,20260925,
22day,^N225,SquaredError,EGARCH,784,0.012722848351144555,True,1.0,13,R,0.1,10000,43,20260925,
22day,^N225,SquaredError,GJRGARCH,784,0.013103435871334564,True,0.9931,11,R,0.1,10000,43,20260925,
22day,^N225,SquaredError,LinearRegression,784,0.0145258278511235,True,0.9197,5,R,0.1,10000,43,20260925,
22day,^N225,SquaredError,RandomForest,784,0.01328315955210498,True,0.9832,8,R,0.1,10000,43,20260925,
22day,^N225,SquaredError,XGBoost,784,0.01807412979096569,False,0.0124,1,R,0.1,10000,43,20260925,
22day,^N225,SquaredError,LSTM,784,0.013289694084460775,True,0.9921,9,R,0.1,10000,43,20260925,
22day,^N225,SquaredError,GRU,784,0.013930130800902656,True,0.3116,2,R,0.1,10000,43,20260925,
22day,^N225,SquaredError,Transformer,784,0.013149452346437392,True,0.9931,10,R,0.1,10000,43,20260925,
22day,^N225,SquaredError,GARCHLSTM,784,0.013088928303764824,True,0.9931,12,R,0.1,10000,43,20260925,
22day,^N225,SquaredError,GARCHGRU,784,0.0141336947998339,True,0.8125,4,R,0.1,10000,43,20260925,
22day,^N225,SquaredError,GARCHTransformer,784,0.013350252761989747,True,0.9753,7,R,0.1,10000,43,20260925,
22day,^HSI,QLIKE,HistoricalVolatility,784,-0.4758444807902698,True,0.152,6,R,0.1,10000,42,20260925,identical forecasts to Persistence; result is Persistence's
22day,^HSI,QLIKE,Persistence,784,-0.4758444807902698,True,0.152,6,R,0.1,10000,42,20260925,
22day,^HSI,QLIKE,GARCH,784,-0.5007913379679974,True,1.0,13,R,0.1,10000,42,20260925,
22day,^HSI,QLIKE,EGARCH,784,-0.4987473498726023,True,0.6933,12,R,0.1,10000,42,20260925,
22day,^HSI,QLIKE,GJRGARCH,784,-0.49584685069464524,True,0.4607,9,R,0.1,10000,42,20260925,
22day,^HSI,QLIKE,LinearRegression,784,22720.0607833517,True,0.4607,11,R,0.1,10000,42,20260925,
22day,^HSI,QLIKE,RandomForest,784,-0.44915736592567795,False,0.0206,4,R,0.1,10000,42,20260925,
22day,^HSI,QLIKE,XGBoost,784,-0.4546445890560976,False,0.0099,2,R,0.1,10000,42,20260925,
22day,^HSI,QLIKE,LSTM,784,-0.4226085060127346,False,0.0063,1,R,0.1,10000,42,20260925,
22day,^HSI,QLIKE,GRU,784,-0.4091417350330561,True,0.3017,7,R,0.1,10000,42,20260925,
22day,^HSI,QLIKE,Transformer,784,-0.47030708362283175,True,0.152,5,R,0.1,10000,42,20260925,
22day,^HSI,QLIKE,GARCHLSTM,784,-0.4781238390414004,True,0.4607,10,R,0.1,10000,42,20260925,
22day,^HSI,QLIKE,GARCHGRU,784,-0.4057814792650173,True,0.3017,8,R,0.1,10000,42,20260925,
22day,^HSI,QLIKE,GARCHTransformer,784,-0.43855004010376847,False,0.0185,3,R,0.1,10000,42,20260925,
22day,^HSI,SquaredError,HistoricalVolatility,784,0.012682809211018048,True,0.1588,5,R,0.1,10000,43,20260925,identical forecasts to Persistence; result is Persistence's
22day,^HSI,SquaredError,Persistence,784,0.012682809211018048,True,0.1588,5,R,0.1,10000,43,20260925,
22day,^HSI,SquaredError,GARCH,784,0.008291867400523494,True,0.9248,12,R,0.1,10000,43,20260925,
22day,^HSI,SquaredError,EGARCH,784,0.0078031069833568115,True,1.0,13,R,0.1,10000,43,20260925,
22day,^HSI,SquaredError,GJRGARCH,784,0.009764286694710583,True,0.5152,9,R,0.1,10000,43,20260925,
22day,^HSI,SquaredError,LinearRegression,784,0.012767643719729792,True,0.1249,4,R,0.1,10000,43,20260925,
22day,^HSI,SquaredError,RandomForest,784,0.013723451948076264,False,0.0304,3,R,0.1,10000,43,20260925,
22day,^HSI,SquaredError,XGBoost,784,0.012680745727287442,False,0.0202,2,R,0.1,10000,43,20260925,
22day,^HSI,SquaredError,LSTM,784,0.011249662340598255,False,0.0162,1,R,0.1,10000,43,20260925,
22day,^HSI,SquaredError,GRU,784,0.01074767630466117,True,0.2231,8,R,0.1,10000,43,20260925,
22day,^HSI,SquaredError,Transformer,784,0.008684439814425668,True,0.9248,10,R,0.1,10000,43,20260925,
22day,^HSI,SquaredError,GARCHLSTM,784,0.00835742872577025,True,0.9248,11,R,0.1,10000,43,20260925,
22day,^HSI,SquaredError,GARCHGRU,784,0.010871932534017,True,0.1605,7,R,0.1,10000,43,20260925,
22day,^HSI,SquaredError,GARCHTransformer,784,0.01030670736441536,True,0.1588,6,R,0.1,10000,43,20260925,
22day,000001.SS,QLIKE,HistoricalVolatility,784,-0.9610712127004877,True,0.4467,6,R,0.1,10000,43,20260925,identical forecasts to Persistence; result is Persistence's
22day,000001.SS,QLIKE,Persistence,784,-0.9610712127004877,True,0.4467,6,R,0.1,10000,43,20260925,
22day,000001.SS,QLIKE,GARCH,784,-0.9508055084524631,False,0.004,2,R,0.1,10000,43,20260925,
22day,000001.SS,QLIKE,EGARCH,784,-0.9862882040142334,True,0.4467,7,R,0.1,10000,43,20260925,
22day,000001.SS,QLIKE,GJRGARCH,784,-0.9433716383228515,False,0.0015,1,R,0.1,10000,43,20260925,
22day,000001.SS,QLIKE,LinearRegression,784,-0.9716375501548375,True,0.4467,8,R,0.1,10000,43,20260925,
22day,000001.SS,QLIKE,RandomForest,784,-0.9685457510079957,False,0.0127,3,R,0.1,10000,43,20260925,
22day,000001.SS,QLIKE,XGBoost,784,-0.978549161435409,True,0.4467,5,R,0.1,10000,43,20260925,
22day,000001.SS,QLIKE,LSTM,784,-1.0037948318793801,True,1.0,13,R,0.1,10000,43,20260925,
22day,000001.SS,QLIKE,GRU,784,-0.9581840421053185,True,0.4467,9,R,0.1,10000,43,20260925,
22day,000001.SS,QLIKE,Transformer,784,-0.9982764693276887,True,0.9419,11,R,0.1,10000,43,20260925,
22day,000001.SS,QLIKE,GARCHLSTM,784,-0.9982558007324908,True,0.9419,10,R,0.1,10000,43,20260925,
22day,000001.SS,QLIKE,GARCHGRU,784,-0.96658525578436,False,0.0582,4,R,0.1,10000,43,20260925,
22day,000001.SS,QLIKE,GARCHTransformer,784,-0.9999739566756896,True,0.9419,12,R,0.1,10000,43,20260925,
22day,000001.SS,SquaredError,HistoricalVolatility,784,0.007621331764856854,True,0.3964,8,R,0.1,10000,63,20260925,identical forecasts to Persistence; result is Persistence's
22day,000001.SS,SquaredError,Persistence,784,0.007621331764856854,True,0.3964,8,R,0.1,10000,63,20260925,
22day,000001.SS,SquaredError,GARCH,784,0.009028750481484472,False,0.0137,3,R,0.1,10000,63,20260925,
22day,000001.SS,SquaredError,EGARCH,784,0.00673777301272926,True,0.5268,9,R,0.1,10000,63,20260925,
22day,000001.SS,SquaredError,GJRGARCH,784,0.009598928875397223,False,0.0091,1,R,0.1,10000,63,20260925,
22day,000001.SS,SquaredError,LinearRegression,784,0.007008752172265076,True,0.1546,4,R,0.1,10000,63,20260925,
22day,000001.SS,SquaredError,RandomForest,784,0.009844885751093584,False,0.0106,2,R,0.1,10000,63,20260925,
22day,000001.SS,SquaredError,XGBoost,784,0.007852645879436114,True,0.2086,5,R,0.1,10000,63,20260925,
22day,000001.SS,SquaredError,LSTM,784,0.00572340871362077,True,1.0,13,R,0.1,10000,63,20260925,
22day,000001.SS,SquaredError,GRU,784,0.008148893538175623,True,0.2086,6,R,0.1,10000,63,20260925,
22day,000001.SS,SquaredError,Transformer,784,0.006106779525804714,True,0.7422,11,R,0.1,10000,63,20260925,
22day,000001.SS,SquaredError,GARCHLSTM,784,0.00625387881808116,True,0.7422,10,R,0.1,10000,63,20260925,
22day,000001.SS,SquaredError,GARCHGRU,784,0.010541403249994377,True,0.2225,7,R,0.1,10000,63,20260925,
22day,000001.SS,SquaredError,GARCHTransformer,784,0.005933475117550432,True,0.8111,12,R,0.1,10000,63,20260925,
