Date,linear_regression_prediction,actual
2019-01-02,0.2747509503651974,0.2794362703828655
2019-01-03,0.27860401650232414,0.2930369217786108
2019-01-04,0.2879566471775816,0.2948213159626946
2019-01-07,0.28945050365151875,0.2977233621186167
2019-01-08,0.29363297416065826,0.2883290319831471
2019-01-09,0.28433987685368245,0.2887758512521984
2019-01-10,0.2830820139080263,0.2887798442016411
2019-01-11,0.2856386383941254,0.2883299439601501
2019-01-14,0.285905654386814,0.291108552579004
2019-01-15,0.2862344804456353,0.283643241642196
2019-01-16,0.2796014898866434,0.2742518099755791
2019-01-17,0.270439309405836,0.2769238209530023
2019-01-18,0.2710060179387852,0.2699229364272342
2019-01-21,0.2655614597776548,0.2686085172962184
2019-01-22,0.26680837130190893,0.2551426857012633
2019-01-23,0.25160650948190905,0.2298519517962862
2019-01-24,0.22650151792624987,0.2292891492108126
2019-01-25,0.21844141097251166,0.1765358314704037
2019-01-28,0.17325877454498256,0.1761096250346808
2019-01-29,0.16767200643410915,0.180634683067548
2019-01-30,0.17599744338132212,0.1806697032888241
2019-01-31,0.1769944676644406,0.1807274019867632
2019-02-01,0.17980798257591207,0.1499992200124458
2019-02-04,0.14814137801917007,0.1096630628953176
2019-02-05,0.10508879283341512,0.1106291897910892
2019-02-06,0.1080190754617084,0.1158299480976919
2019-02-07,0.11488492293271739,0.1157614584508169
2019-02-08,0.11451313578476728,0.1155315126222938
2019-02-11,0.11591673812943817,0.1209190591908569
2019-02-12,0.12110545008941445,0.1177153532785426
2019-02-13,0.11789782047232458,0.1157948793915596
2019-02-14,0.1162108024675541,0.1193284818174345
2019-02-15,0.12045254662055649,0.1183639273710631
2019-02-18,0.11749691588470731,0.1120641729064089
2019-02-19,0.11230241201532935,0.1118792762864382
2019-02-20,0.1128498203798437,0.0983630077586048
2019-02-21,0.09786139336342475,0.099285456503489
2019-02-22,0.0977301512856436,0.099307535570132
2019-02-25,0.09814226338708519,0.0976519487669046
2019-02-26,0.0987241131811037,0.0915794806009698
2019-02-27,0.09496372306250501,0.0924022870796909
2019-02-28,0.09299749782905455,0.0818869318687745
2019-03-01,0.08049089664644549,0.080810622404197
2019-03-04,0.07992789123668535,0.0812730306588575
2019-03-05,0.08152022507553647,0.0831534795675668
2019-03-06,0.08464359530528652,0.0871556036678086
2019-03-07,0.08882404673224426,0.0871252846931897
2019-03-08,0.08946324006951806,0.0930129058695701
2019-03-11,0.09166722948909635,0.0931539656284357
2019-03-12,0.09717623307017954,0.094972649136253
2019-03-13,0.09604798132614216,0.0866310878983922
2019-03-14,0.08615961794372,0.0874142522211524
2019-03-15,0.0866064104500388,0.0867532625770804
2019-03-18,0.0859612926618213,0.0801846967281555
2019-03-19,0.08091969118734135,0.0812067556223992
2019-03-20,0.08247054299255022,0.0879912856276702
2019-03-21,0.08606205779300723,0.1117065500516966
2019-03-22,0.11608416218642216,0.1109786033281218
2019-03-25,0.11781471695023497,0.1115055279279472
2019-03-26,0.11409063072940405,0.11276288971746
2019-03-27,0.11538760177780671,0.1132952533384114
2019-03-28,0.1144753619125683,0.1152532661644818
2019-03-29,0.11321530390634325,0.120121999193478
2019-04-01,0.11915241541725681,0.1185574991377867
2019-04-02,0.1189373566752746,0.1173129853702785
2019-04-03,0.11750723963572152,0.1170196368982169
2019-04-04,0.11592025646848557,0.1139399519521055
2019-04-05,0.11338982368512054,0.108260151557545
2019-04-08,0.10778022545407204,0.1110221664343858
2019-04-09,0.10947699361298613,0.1021831507115531
2019-04-10,0.10057419121924002,0.102224881236543
2019-04-11,0.09985067328150773,0.10201778385481
2019-04-12,0.10063759772042523,0.1019534716615082
2019-04-15,0.10253468708123448,0.1012696494169475
2019-04-16,0.10067305919313566,0.1016195058887369
2019-04-17,0.10154286319028154,0.1015416673320411
2019-04-18,0.10217978624283436,0.100600083487916
2019-04-19,0.10050788383924254,0.0947805745134682
2019-04-22,0.09572726128379846,0.0672379480057146
2019-04-23,0.06422532497792185,0.0681014906945613
2019-04-24,0.06409512435122888,0.0660573889654137
2019-04-25,0.06418140536258869,0.0627419604026658
2019-04-26,0.061018321609796145,0.0626191723880025
2019-04-29,0.06183373113779679,0.060430795235596
2019-04-30,0.061736703773377234,0.057860220287466
2019-05-01,0.057011376708614094,0.0586959375188336
2019-05-02,0.05890964551393867,0.0657464849773693
2019-05-03,0.06303971822503876,0.068306689654813
2019-05-06,0.07380491035274504,0.088952609218038
2019-05-07,0.09307842975905192,0.0889822591559812
2019-05-08,0.09633840959358854,0.0871610413103259
2019-05-09,0.09221485928353779,0.0872841834473248
2019-05-10,0.08727128106590919,0.1199536309931729
2019-05-13,0.12499013751600277,0.1211315350736642
2019-05-14,0.12279876534531908,0.1234143696197457
2019-05-15,0.12415950618901705,0.127686835783599
2019-05-16,0.12684661156598168,0.1288586813256746
2019-05-17,0.13061969385177918,0.1302212957586779
2019-05-20,0.13156837012399664,0.134110369409871
2019-05-21,0.13278205969395993,0.1341723111769671
2019-05-22,0.13429358655636361,0.1347360003425486
2019-05-23,0.13707834576437355,0.1351330992611057
2019-05-24,0.13406815037239023,0.1351791738039391
2019-05-27,0.13508480323077826,0.1351659261263135
2019-05-28,0.13503247276331556,0.1355729199115332
2019-05-29,0.13676156537420892,0.135981719853615
2019-05-30,0.1356933214091482,0.1398791012691172
2019-05-31,0.14233315164022664,0.1398615950312804
2019-06-03,0.14107644442372413,0.1566993023972858
2019-06-04,0.1540408339071294,0.1603164705694549
2019-06-05,0.15965429335971879,0.1531612505106118
2019-06-06,0.15192459251392254,0.1576167578994567
2019-06-07,0.15176048723153096,0.1580446493300827
2019-06-10,0.1549508161128558,0.1575746044577163
2019-06-11,0.15651432645332575,0.1319465659866456
2019-06-12,0.1313371262775591,0.1301492279558908
2019-06-13,0.12724313963703884,0.1292101785045759
2019-06-14,0.1270474323520824,0.1258524083324249
2019-06-17,0.12381015696328264,0.1278274781015828
2019-06-18,0.12555645405204846,0.1250191509053332
2019-06-19,0.12300451015051095,0.1257195819215139
2019-06-20,0.1244930113924582,0.1251970365112066
2019-06-21,0.12600758860748473,0.1164743285800911
2019-06-24,0.11567352257905504,0.1227988759715818
2019-06-25,0.12385191651880291,0.1230441465775785
2019-06-26,0.12121552675110894,0.1182218208459551
2019-06-27,0.11744840529756585,0.114521368378152
2019-06-28,0.1120197796174422,0.1158057063886444
2019-07-01,0.1146252369592896,0.1008668727287007
2019-07-02,0.09856639689193245,0.0992310528975616
2019-07-03,0.09785960007689294,0.078946809469193
2019-07-04,0.0781841121218164,0.0783908488375445
2019-07-05,0.07739112205387946,0.0811679267811267
2019-07-08,0.08263772443659569,0.075557747961112
2019-07-09,0.07552921853660596,0.0754885995726483
2019-07-10,0.07456660835254413,0.0751791990039015
2019-07-11,0.07455545185923033,0.0745073734494521
2019-07-12,0.07366797909545948,0.0744095336324183
2019-07-15,0.07362590546829388,0.0756619971020731
2019-07-16,0.07612362874011352,0.0807684142836553
2019-07-17,0.08221243686290508,0.0758220897964799
2019-07-18,0.0771520610035349,0.0794926096074715
2019-07-19,0.08101722971024063,0.0738029667706664
2019-07-22,0.07460267164666584,0.0765466347511147
2019-07-23,0.07552732946392973,0.0770340315119339
2019-07-24,0.07520314593735408,0.0710637373433487
2019-07-25,0.07249133888182507,0.0732685161356471
2019-07-26,0.07241726689905686,0.0737058541195972
2019-07-29,0.07506991745649498,0.0732982659635449
2019-07-30,0.07602319948742747,0.0800448615463386
2019-07-31,0.08024136548442337,0.0853085843224327
2019-08-01,0.08720483590526829,0.083598213644868
2019-08-02,0.08860933264369808,0.1294101587634879
2019-08-05,0.13648614740910406,0.1393862773739929
2019-08-06,0.14465437066575526,0.1391512933274086
2019-08-07,0.14230742204286176,0.1546646036209229
2019-08-08,0.15328984867104953,0.1548181128879445
2019-08-09,0.15603123315441675,0.1588357274495809
2019-08-12,0.16070786738676054,0.1675526253778123
2019-08-13,0.1675271234001472,0.1929552157671126
2019-08-14,0.1968400824923927,0.1937168764159772
2019-08-15,0.19540214941719353,0.2011293959855691
2019-08-16,0.20025205054349898,0.2056672109749042
2019-08-19,0.2031689469371129,0.2062722967666137
2019-08-20,0.20568342736411613,0.2083227008582267
2019-08-21,0.2072435731068664,0.2065169981443736
2019-08-22,0.2058572687728522,0.2218479149256134
2019-08-23,0.224399871483434,0.2262969199032477
2019-08-26,0.22701452084090484,0.2239006724354525
2019-08-27,0.22488184677681103,0.2259359039140866
2019-08-28,0.22458956731880794,0.2312894422569396
2019-08-29,0.2281030428930021,0.2288366811295463
2019-08-30,0.22909771327429737,0.2269826860153083
2019-09-02,0.2263091873403222,0.2268456621028598
2019-09-03,0.22528699929697882,0.2033854918201103
2019-09-04,0.19894263985739993,0.2033806807884585
2019-09-05,0.1974294197807663,0.2033753646128641
2019-09-06,0.20044578447480552,0.1941225938897209
2019-09-09,0.19291560133568864,0.1924214028527865
2019-09-10,0.1909015919745701,0.1874982446775845
2019-09-11,0.1854291826438522,0.1816596022612764
2019-09-12,0.17931560161117632,0.1450974056612965
2019-09-13,0.14325507415671196,0.1463915273807
2019-09-16,0.14418985311907953,0.1401159698340117
2019-09-17,0.1382658186142638,0.1353817729211453
2019-09-18,0.13459705658029336,0.1315005673720149
2019-09-19,0.13195980279683917,0.1311227094626012
2019-09-20,0.13029519083214472,0.1310721272809816
2019-09-23,0.13091836548550098,0.0954852631263432
2019-09-24,0.09527218960963667,0.0913239585722116
2019-09-25,0.08764920227775133,0.0908648054660465
2019-09-26,0.0889161017233664,0.0921401977366536
2019-09-27,0.09348718246325641,0.0840473160886754
2019-09-30,0.0840844513720332,0.0950945186890076
2019-10-01,0.09666856279164152,0.1134632447909909
2019-10-02,0.1180666363329552,0.1146801951841083
2019-10-03,0.11876395697070694,0.118894809418583
2019-10-04,0.11937822342801853,0.1109015468392768
2019-10-07,0.11274777186585742,0.1219131008913908
2019-10-08,0.12380703815530929,0.1268626653426168
2019-10-09,0.12705810771952772,0.1292136899951673
2019-10-10,0.1299621941376141,0.132447715224597
2019-10-11,0.13160583631557446,0.1319418720802535
2019-10-14,0.13052629503665544,0.1367000414956664
2019-10-15,0.13686965097491488,0.1364579111281295
2019-10-16,0.1372967918335294,0.1365022162544491
2019-10-17,0.13684129188843425,0.1370931704410929
2019-10-18,0.13852390530141204,0.1392224736747321
2019-10-21,0.1378419872800785,0.1387311063656174
2019-10-22,0.13971457517006988,0.1390478045095152
2019-10-23,0.13953046963166987,0.1357000148732483
2019-10-24,0.13552832351809244,0.1348744947819725
2019-10-25,0.13460642509203508,0.1354531796122802
2019-10-28,0.13463337881312865,0.1338023968314893
2019-10-29,0.13388652235125834,0.133313715428098
2019-10-30,0.1332737737354392,0.1255931290968142
2019-10-31,0.12586575788931914,0.1075440538840847
2019-11-01,0.10480948459537467,0.1060292511009026
2019-11-04,0.10105631515298709,0.0983605962425635
2019-11-05,0.09661462013531313,0.0958845685260219
2019-11-06,0.09455906721959524,0.0722850044887949
2019-11-07,0.07128659819593475,0.0689283900775915
2019-11-08,0.06762062424132254,0.0692498442216274
2019-11-11,0.07089909900610838,0.0621249304350181
2019-11-12,0.06126533001809498,0.0612224155804604
2019-11-13,0.06675300111212183,0.0543298238586563
2019-11-14,0.05485491765196045,0.0566422974372158
2019-11-15,0.05672876769844492,0.0567681658618915
2019-11-18,0.05702359062085717,0.0537420080648899
2019-11-19,0.05425088495893931,0.0542404900216794
2019-11-20,0.057165091371517256,0.0523863055869885
2019-11-21,0.05527000931773279,0.0522448124919758
2019-11-22,0.053789550806457316,0.0559452818646325
2019-11-25,0.05651436810691888,0.055402423644173
2019-11-26,0.0572259205068615,0.054436553700861
2019-11-27,0.05572601809169198,0.0540474583868015
2019-11-28,0.055651099692240774,0.0570843424097156
2019-11-29,0.06042182522306214,0.0649645625351107
2019-12-02,0.06832350900282158,0.0627627215193978
2019-12-03,0.06359997372193146,0.0649921653641337
2019-12-04,0.0683305129840594,0.0647879864127906
2019-12-05,0.06545472504885558,0.0708450776487907
2019-12-06,0.0711490752487779,0.0719317204449651
2019-12-09,0.07477817502838709,0.0718884536264367
2019-12-10,0.0743779329671067,0.0717120544758979
2019-12-11,0.07228465353478578,0.076342623573118
2019-12-12,0.07631476470909218,0.0764136528316581
2019-12-13,0.07841283058671988,0.0790829704064783
2019-12-16,0.08196333368142807,0.0759087603657406
2019-12-17,0.08021567763218443,0.0760537112525431
2019-12-18,0.07779209637842846,0.0767021139672265
2019-12-19,0.07823793172086248,0.075554320121392
2019-12-20,0.07673768897909686,0.0747585426733646
2019-12-23,0.07550985582553886,0.0750198494577862
2019-12-24,0.07646108869440707,0.0722329289293952
2019-12-25,0.07356373875859552,0.073342930442749
2019-12-26,0.07458458784728576,0.0728154101859307
2019-12-27,0.07412723645863384,0.0765377133756288
2019-12-30,0.07964428903716932,0.0747019322571859
2019-12-31,0.07632838658797876,0.069520460672473
2020-01-02,0.06946814882059778,0.070171115650865
2020-01-03,0.07289677160034758,0.0687594415725472
2020-01-06,0.06847537722950565,0.0705878644890635
2020-01-07,0.07290056576961296,0.0666363644079622
2020-01-08,0.06870835451746723,0.0666146030565919
2020-01-09,0.06712895125045011,0.0678429219541631
2020-01-10,0.06947940833204577,0.0699220766096584
2020-01-13,0.07044496414376206,0.0669815401656933
2020-01-14,0.06846212860143504,0.066760793655093
2020-01-15,0.06567254216944943,0.0680532869367363
2020-01-16,0.06551997822066491,0.0682167499924255
2020-01-17,0.06472502143758095,0.0680539893474977
2020-01-20,0.06922158725179191,0.0691384198058702
2020-01-21,0.07192962866251788,0.0682392566673874
2020-01-22,0.0685681547479239,0.0682199373470423
2020-01-23,0.07087174673238811,0.0768187309909145
2020-01-24,0.07834845223016136,0.0957258108962963
2020-01-27,0.1022548590592329,0.1000192289461617
2020-01-28,0.10072728386529138,0.1001168213124639
2020-01-29,0.1040733179238324,0.0979503372747606
2020-01-30,0.10053502357154628,0.116272210461141
2020-01-31,0.11888235821302827,0.1153608253264313
2020-02-03,0.11653151095158072,0.1231331195251575
2020-02-04,0.12328636563351092,0.1277573056331847
2020-02-05,0.13296146071466272,0.1271202592819862
2020-02-06,0.1278760345378889,0.128598367464768
2020-02-07,0.12961877797250737,0.128966007597006
2020-02-10,0.12856247746946076,0.1282230887001285
2020-02-11,0.1283244308720134,0.1279630988080839
2020-02-12,0.1270129735688642,0.1279937561429879
2020-02-13,0.12920728216269473,0.1279922194808191
2020-02-14,0.12913495744661693,0.1255341363200019
2020-02-17,0.12655322101035624,0.1256899874660151
2020-02-18,0.12777403303396612,0.1264446921056786
2020-02-19,0.12694190310197742,0.1268846036973153
2020-02-20,0.1286371886272754,0.1325204624628699
2020-02-21,0.1355539326229241,0.176061838986773
2020-02-24,0.18287874418453948,0.2009424352947177
2020-02-25,0.20853979653455676,0.1952930478584042
2020-02-26,0.19909984912137077,0.2394819958775688
2020-02-27,0.24789557248536123,0.2395097383509395
2020-02-28,0.2467005445136872,0.292044172074803
2020-03-02,0.28940412566454626,0.3007447035378289
2020-03-03,0.30961691834010024,0.3351795383146804
2020-03-04,0.3328911887251343,0.3473432977237817
2020-03-05,0.35124767683216807,0.3457937486652391
2020-03-06,0.3472677312985382,0.4246468746236161
2020-03-09,0.4408832803730991,0.4667404868189944
2020-03-10,0.4682717865701838,0.4863472591113096
2020-03-11,0.4986127580752214,0.5730920154349944
2020-03-12,0.5951924151188802,0.6678944697118334
2020-03-13,0.6661819793700116,0.7762933635352371
2020-03-16,0.8035385235554098,0.8141547181096387
2020-03-17,0.81663113259418,0.82368391146545
2020-03-18,0.8340793791312594,0.8254933592386211
2020-03-19,0.8222832518664545,0.8279458547370888
2020-03-20,0.824376658671001,0.827459175939011
2020-03-23,0.8244980283464237,0.9051433425311626
2020-03-24,0.9005500624738152,0.90620546307155
2020-03-25,0.9113022432009835,0.9357723131514412
2020-03-26,0.9371551748243516,0.939848211022662
2020-03-27,0.9451398241340863,0.9412369789894128
2020-03-30,0.9351694231642058,0.94186991868852
2020-03-31,0.9360473784225327,0.9325691570316113
2020-04-01,0.9334304713792059,0.9365335598318744
2020-04-02,0.9268431406250696,0.9203107419571888
2020-04-03,0.9156102158536548,0.9529039370625142
2020-04-06,0.939678664076605,0.9521197230481194
2020-04-07,0.9452300170049779,0.922946011833416
2020-04-08,0.9116274164744564,0.9087558906642276
2020-04-09,0.8985414638698467,0.8922586827204946
2020-04-10,0.8818142133865887,0.8193793163190461
2020-04-13,0.8029186823006376,0.7698139403535129
2020-04-14,0.7531937560906813,0.6256059253256373
2020-04-15,0.6098279986364593,0.598673902770321
2020-04-16,0.5824987504303513,0.566145690783261
2020-04-17,0.5492426397823419,0.5730412528871763
2020-04-20,0.5701814994513432,0.5604218614350435
2020-04-21,0.5622370024948249,0.546188733694929
2020-04-22,0.5382284051220215,0.468424476422605
2020-04-23,0.455771453856348,0.4688166597188095
2020-04-24,0.4532487295790476,0.4289948014128426
2020-04-27,0.4138202246161089,0.4086088069079112
2020-04-28,0.39556645843654814,0.4037708159775282
2020-04-29,0.3920725180544584,0.400075623788343
2020-04-30,0.39667118333325707,0.3781484935795803
2020-05-01,0.3771752561951085,0.3736795603889409
2020-05-04,0.37294408489023484,0.3665783953028197
2020-05-05,0.35818974971808537,0.2967868489546496
2020-05-06,0.2903122854481787,0.2976151976729521
2020-05-07,0.2908284960758957,0.2824651697111267
2020-05-08,0.2765169352041743,0.2796034543109812
2020-05-11,0.27479077893564235,0.2901755515070127
2020-05-12,0.290922376813293,0.2947694155921617
2020-05-13,0.2956968834263321,0.2789585711880147
2020-05-14,0.2772551163139468,0.2675971653536344
2020-05-15,0.2650106460052805,0.2856892503039432
2020-05-18,0.28076672095114047,0.2756468493098771
2020-05-19,0.273549009448609,0.2721518540309003
2020-05-20,0.26890155800526544,0.2480864133796352
2020-05-21,0.2453237449361531,0.2384822412918384
2020-05-22,0.2404888046073681,0.2384075879213495
2020-05-25,0.23510152955901104,0.237551213497437
2020-05-26,0.235996916627109,0.2376202023982185
2020-05-27,0.23618491070690315,0.2366365692557488
2020-05-28,0.23762308452485503,0.2215465936316979
2020-05-29,0.22015263859480874,0.2182527750761459
2020-06-01,0.2152346066604997,0.1899079255912548
2020-06-02,0.18312843407546317,0.1927350668479473
2020-06-03,0.18556075914743392,0.1936405230513218
2020-06-04,0.19437766651068253,0.2035310315222695
2020-06-05,0.20126834370041596,0.2037339455059586
2020-06-08,0.20381583651933197,0.2040510714906023
2020-06-09,0.2043190018424745,0.2061546803595469
2020-06-10,0.20656478947228454,0.2906545915920188
2020-06-11,0.3015339110944853,0.2841925798825406
2020-06-12,0.2899516525486851,0.2833172765471917
2020-06-15,0.2892084132314309,0.288139948831424
2020-06-16,0.2872656906279734,0.2725407708351476
2020-06-17,0.27272810006477366,0.268780582163417
2020-06-18,0.26899822412025987,0.2657625898912178
2020-06-19,0.26308039196281857,0.263900019014908
2020-06-22,0.26236615371178906,0.2639656929956036
2020-06-23,0.26013157581487495,0.2814062324856389
2020-06-24,0.2839633108899098,0.2808366899607327
2020-06-25,0.2795066718624015,0.2897308437739561
2020-06-26,0.29260201693397364,0.2940276323641285
2020-06-29,0.2923925897877107,0.2980493894528988
2020-06-30,0.2958510831841745,0.298228656754865
2020-07-01,0.29588791627377103,0.2974130633473348
2020-07-02,0.2945172241845499,0.2939101051076205
2020-07-03,0.2918811814006004,0.2982927749139036
2020-07-06,0.29667181053154906,0.2872049654572677
2020-07-07,0.2889532092279964,0.2853377427079459
2020-07-08,0.2866804324387501,0.2847981010193889
2020-07-09,0.28298589815095543,0.2867627262519615
2020-07-10,0.28682466251686956,0.1940504472037861
2020-07-13,0.1938119033996899,0.1942797057743232
2020-07-14,0.1880587734068204,0.194579540792366
2020-07-15,0.18866267924510216,0.1863572468813834
2020-07-16,0.18463435671199732,0.1855954008868933
2020-07-17,0.1833849024260859,0.1869534873852203
2020-07-20,0.18599188997711585,0.185006137437018
2020-07-21,0.18538768776812833,0.1848210485523941
2020-07-22,0.18669100544695852,0.1911291011592671
2020-07-23,0.1937454068680631,0.1668113326037996
2020-07-24,0.1692434981272954,0.1650706308499203
2020-07-27,0.1626684585509645,0.1392505220019161
2020-07-28,0.1405415618977052,0.1372286997712187
2020-07-29,0.13365898860447836,0.1317142587920255
2020-07-30,0.13165486085673073,0.1327114617067546
2020-07-31,0.13184948114882514,0.1335566960503232
2020-08-03,0.1349310249810745,0.1333593162226295
2020-08-04,0.13567899787627605,0.1257378665806739
2020-08-05,0.12404388186678815,0.1177357778815799
2020-08-06,0.11719470537569304,0.1166180504836771
2020-08-07,0.11512432859332682,0.1129480683615152
2020-08-10,0.11361803570638862,0.115437354808504
2020-08-11,0.1159968129427714,0.1145699995652443
2020-08-12,0.11174342404467365,0.1098864630006
2020-08-13,0.11204083049975495,0.1076403857789023
2020-08-14,0.10805256141232111,0.105916356120654
2020-08-17,0.10553872770439059,0.1058984009867024
2020-08-18,0.10583930220374224,0.1058976395538271
2020-08-19,0.10558514183211483,0.1060137160050159
2020-08-20,0.1079588650114516,0.10526268547989
2020-08-21,0.10499018596005677,0.0963032506026424
2020-08-24,0.096143970205446,0.0910293169058379
2020-08-25,0.09078155350292808,0.0930486819858535
2020-08-26,0.09298460757565877,0.0866840497253869
2020-08-27,0.08702658409961797,0.0818241663304466
2020-08-28,0.08300460630746376,0.0803542883496743
2020-08-31,0.08064477564285907,0.0802648108724908
2020-09-01,0.08091656629296341,0.0889865322931481
2020-09-02,0.08765005717750107,0.1607425412330718
2020-09-03,0.16769300231042555,0.1634881885402826
2020-09-04,0.1695315263513608,0.16253822116109
2020-09-07,0.166193059620163,0.1902401878143489
2020-09-08,0.1956880270521699,0.2020459727922308
2020-09-09,0.20255621422190423,0.2095248390174812
2020-09-10,0.2117710734879399,0.2037456650620168
2020-09-11,0.20461261260284763,0.2084601368773276
2020-09-14,0.20387677257764034,0.2091581856350989
2020-09-15,0.206672639213881,0.2096523321269274
2020-09-16,0.20965702849134252,0.2114145304872194
2020-09-17,0.212536198116506,0.2142008267999551
2020-09-18,0.21350483836976902,0.2167989213006908
2020-09-21,0.21879050768258432,0.2199708636957336
2020-09-22,0.21691116676989095,0.2292872596776781
2020-09-23,0.2308121237919325,0.2290981711074333
2020-09-24,0.23042365254061803,0.233698555633066
2020-09-25,0.2313731967408501,0.2415898509970649
2020-09-28,0.2399417092864785,0.2398803814011514
2020-09-29,0.2376247897333006,0.2425065213993592
2020-09-30,0.2409607167644414,0.2415986001936817
2020-10-01,0.23849980540932286,0.2349625735403867
2020-10-02,0.2350524217963704,0.2145422190936815
2020-10-05,0.20939775425184706,0.2179406698271506
2020-10-06,0.21586911799074945,0.2264316619864879
2020-10-07,0.2214434942522353,0.2046985883031261
2020-10-08,0.20184113420703578,0.1959431003412438
2020-10-09,0.1918706607010641,0.190584992939678
2020-10-12,0.18543896511080168,0.1928696746190738
2020-10-13,0.1904102950808349,0.191448835831964
2020-10-14,0.19197861476454525,0.1911951050536475
2020-10-15,0.19200863604729768,0.1901635250419445
2020-10-16,0.18823230809209796,0.1969113609099371
2020-10-19,0.19756097755711136,0.1924202924581843
2020-10-20,0.19192779830743442,0.1871705384462219
2020-10-21,0.18456396052298274,0.1851839635029774
2020-10-22,0.1842911106563251,0.1608963080853637
2020-10-23,0.158656272444759,0.1771050950609423
2020-10-26,0.17551100763112376,0.1709501859858644
2020-10-27,0.16675969697478582,0.2042995910747531
2020-10-28,0.20712933569850808,0.2084294785024464
2020-10-29,0.20814575592080686,0.2098133896680999
2020-10-30,0.21348732507355223,0.2137115288066721
2020-11-02,0.2115036818964517,0.2202685896619135
2020-11-03,0.21806472305279723,0.2244588543776995
2020-11-04,0.2221839049374928,0.226906555112788
2020-11-05,0.22345296258251474,0.2204147926116449
2020-11-06,0.21945784953723688,0.2221073106866765
2020-11-09,0.22441674707177758,0.2206976143191023
2020-11-10,0.22131344968329453,0.2153284939690932
2020-11-11,0.21473903186224783,0.2170923828984919
2020-11-12,0.21698131816003363,0.2200316301826402
2020-11-13,0.21773661556778404,0.2225114488723249
2020-11-16,0.2203643055035174,0.2235895586681269
2020-11-17,0.2239357522371207,0.2194607445686724
2020-11-18,0.2203912123172898,0.2193538376917915
2020-11-19,0.2182113062888276,0.2209139181749041
2020-11-20,0.22014731382351993,0.2209999056072341
2020-11-23,0.21935263953720205,0.2263006044304068
2020-11-24,0.22439877151718904,0.214378851568294
2020-11-25,0.21354509503614935,0.2136070669876495
2020-11-26,0.2142593490858916,0.1629755838325983
2020-11-27,0.15995838312373403,0.1639770512336612
2020-11-30,0.16456627013176542,0.1549601490212795
2020-12-01,0.1513684688605503,0.1532496569256638
2020-12-02,0.15474673973386424,0.1470493705516967
2020-12-03,0.1456745084696828,0.1339937066876982
2020-12-04,0.13272308478911962,0.1222855998220672
2020-12-07,0.12312759833921558,0.1219495554605245
2020-12-08,0.12293188861186494,0.1222576672000573
2020-12-09,0.12176445944957698,0.1222251367158805
2020-12-10,0.12556093002316243,0.1206125802804139
2020-12-11,0.12056991008968558,0.1157458770264515
2020-12-14,0.11603840785485875,0.1149111858137262
2020-12-15,0.11527862885193171,0.1090974179739423
2020-12-16,0.1081723129975316,0.1082917555482746
2020-12-17,0.10623990504180561,0.0997170566655376
2020-12-18,0.10005327489019716,0.101197763531861
2020-12-21,0.1031342574337031,0.0977868161806601
2020-12-22,0.09732036903231091,0.0967852962857433
2020-12-23,0.09788749169816602,0.0822751367191537
2020-12-24,0.08193560132913072,0.0818887070121585
2020-12-25,0.08077376298257391,0.0859069504810449
2020-12-28,0.0848292496556713,0.0866258681699171
2020-12-29,0.08931927338489257,0.0842346606374113
2020-12-30,0.08546285329415826,0.0789096784096775
2020-12-31,0.07894082236970439,0.095640659915749
2021-01-04,0.09744811718348932,0.0981632957182813
2021-01-05,0.0996176736832274,0.0956353731615828
2021-01-06,0.09962841191243156,0.1063790535277853
2021-01-07,0.10885416593540255,0.1072000515840544
2021-01-08,0.1089144398381679,0.1058090229253363
2021-01-11,0.1092731045948517,0.1054191570923536
2021-01-12,0.1074170887672466,0.1049359342121126
2021-01-13,0.10585479834697697,0.10452756578141
2021-01-14,0.10707236904895548,0.1011139107909597
2021-01-15,0.10408558708403697,0.1011078325038624
2021-01-18,0.10247871987974279,0.1027906846817496
2021-01-19,0.1036738192720467,0.1103026429690936
2021-01-20,0.11026262634826674,0.1086295701457604
2021-01-21,0.10987320634209448,0.1090884489635316
2021-01-22,0.11386608762840329,0.1091671764802095
2021-01-25,0.10996090484545468,0.1096397538218621
2021-01-26,0.1123670689819096,0.1444769128267089
2021-01-27,0.14823244878065986,0.1452092451467098
2021-01-28,0.1510660670614341,0.1602719882735155
2021-01-29,0.16615823744414826,0.1692550335260846
2021-02-01,0.16905018153161042,0.1741251110351712
2021-02-02,0.1731984331860379,0.1649908012803567
2021-02-03,0.16483543680328286,0.1669572361766594
2021-02-04,0.1650053273563655,0.1665549721580937
2021-02-05,0.16312504531499955,0.1613955297245112
2021-02-08,0.15614312418837692,0.1608976509603361
2021-02-09,0.15852336199631037,0.1587363220182117
2021-02-10,0.156567914136052,0.1587089900583401
2021-02-11,0.15689741221260292,0.1590891810692159
2021-02-12,0.1572734216193509,0.1581123960082375
2021-02-15,0.15851191576088394,0.1552196841123517
2021-02-16,0.15645907081231947,0.1552715349268328
2021-02-17,0.15572977657073758,0.155079794860576
2021-02-18,0.15569048548637224,0.1488935440617461
2021-02-19,0.14930461967993217,0.1515924662394622
2021-02-22,0.15440576592632438,0.1511684672844198
2021-02-23,0.1499818855433758,0.1552604399042862
2021-02-24,0.1568532012636335,0.1777962298967334
2021-02-25,0.18167813639359326,0.1537509772886566
2021-02-26,0.16218375358882461,0.1696961831015632
2021-03-01,0.169472933478228,0.1567899715346783
2021-03-02,0.16059180959523026,0.1563975525051158
2021-03-03,0.15713041628936875,0.1559381648794398
2021-03-04,0.15980515807606357,0.1699990554251528
2021-03-05,0.1700803629207021,0.1666114427606589
2021-03-08,0.17193070272512653,0.173312888987012
2021-03-09,0.16706340506161965,0.1726660895436046
2021-03-10,0.1709609012054656,0.1762504181257365
2021-03-11,0.1742319231518315,0.1762484171961509
2021-03-12,0.17629960683330342,0.1774134694445586
2021-03-15,0.17639625102427986,0.1769458261964652
2021-03-16,0.17579853543358212,0.1771507114070874
2021-03-17,0.17443475524762334,0.1845956046800463
2021-03-18,0.18349767137489484,0.1846003198677519
2021-03-19,0.18302949948181194,0.1855183584351478
2021-03-22,0.18415157322159695,0.1873615982686504
2021-03-23,0.18704126480912742,0.1863776504461326
2021-03-24,0.18818256628585245,0.1871438341884195
2021-03-25,0.1853563720411884,0.191579835941246
2021-03-26,0.18821578698538485,0.1694253614554237
2021-03-29,0.16833241109515668,0.1687843061239971
2021-03-30,0.16122760907595515,0.15039577044937
2021-03-31,0.14154199280769664,0.1512636588528369
2021-04-01,0.14299980860872227,0.1420086406478362
2021-04-02,0.1379308803188497,0.1358992650382414
2021-04-05,0.1305369499351523,0.1246112285153916
2021-04-06,0.12212118690870283,0.1214246161458528
2021-04-07,0.1179105553577482,0.1150498487336477
2021-04-08,0.11544618339341624,0.115797267951515
2021-04-09,0.11456681995779174,0.1128022588385176
2021-04-12,0.11159589609806994,0.1127959791412692
2021-04-13,0.11140303065462583,0.1136940544103623
2021-04-14,0.11322693225200667,0.1172248612487472
2021-04-15,0.11585178214066719,0.1172918320685841
2021-04-16,0.1169761043425848,0.1041821708496438
2021-04-19,0.10294444161172472,0.1086465546198057
2021-04-20,0.11099421339310236,0.1100305885420736
2021-04-21,0.11058320300298685,0.1119307013128683
2021-04-22,0.11370365410525277,0.1115531419026067
2021-04-23,0.10903607189238251,0.1114412234763334
2021-04-26,0.1118440365832879,0.1012681338622104
2021-04-27,0.10009710011792775,0.101259546919403
2021-04-28,0.10031360921434879,0.1003145141399231
2021-04-29,0.09946050656972959,0.1058294980363004
2021-04-30,0.1078015147807817,0.1004484604445704
2021-05-03,0.10137791929243714,0.1044597717380319
2021-05-04,0.10631977278312148,0.0942163934681036
2021-05-05,0.09165825845718256,0.0969413417181683
2021-05-06,0.09527787982894483,0.099008423984695
2021-05-07,0.09796506850214852,0.1066847426208411
2021-05-10,0.10873044825311722,0.1087663478435684
2021-05-11,0.11300858178120383,0.1317249330413083
2021-05-12,0.13711351284177073,0.1381613131014216
2021-05-13,0.1418171195505969,0.1465226703549947
2021-05-14,0.14695908990422712,0.1419866716644429
2021-05-17,0.14247259038321788,0.1441499394498421
2021-05-18,0.14546643162837966,0.1434454081331611
2021-05-19,0.14418441404413632,0.1462665447080792
2021-05-20,0.1435308856054497,0.142760237778752
2021-05-21,0.139735707969971,0.1428594835454532
2021-05-24,0.1394619182663211,0.1384360231809025
2021-05-25,0.13620316540288738,0.1384502504090569
2021-05-26,0.13630806255647904,0.1384924217930806
2021-05-27,0.13849693798945178,0.1384604085382036
2021-05-28,0.13777357733549328,0.1365212957302808
2021-05-31,0.1360290503761375,0.1341769600316707
2021-06-01,0.13304113385528535,0.1339563406476623
2021-06-02,0.13295953933800134,0.1324637830461479
2021-06-03,0.13263515795335035,0.135549763509959
2021-06-04,0.13589098670234961,0.1329992458336785
2021-06-07,0.13204572273157156,0.1306128834008731
2021-06-08,0.1292995776260452,0.125499380946965
2021-06-09,0.12441273540344176,0.1220360009419763
2021-06-10,0.11805881719474087,0.0919617203863022
2021-06-11,0.0868063404536101,0.0847345855465346
2021-06-14,0.07848814874493076,0.0711952447901258
2021-06-15,0.06722291059931425,0.0734296108328757
2021-06-16,0.07145603962602028,0.0659746781911025
2021-06-17,0.06356391969272406,0.0808554241163367
2021-06-18,0.08097217788782282,0.086504961242236
2021-06-21,0.09092298427822437,0.0875758571365262
2021-06-22,0.09194362777995754,0.0819055656475808
2021-06-23,0.08397470636457124,0.0832534633757181
2021-06-24,0.08224898805311205,0.0836131099500978
2021-06-25,0.0830864374313764,0.083745409755702
2021-06-28,0.08264936635276976,0.0837754337316877
2021-06-29,0.08451580405845643,0.0837174516784269
2021-06-30,0.08439080174919358,0.084716174636979
2021-07-01,0.08472990230085632,0.0872926608773372
2021-07-02,0.08897596286892143,0.0855603748405715
2021-07-05,0.08627589063427671,0.0825725540561624
2021-07-06,0.08438638765672868,0.082559676016026
2021-07-07,0.08375786437172471,0.0891869013570128
2021-07-08,0.09310014280300437,0.094970546509323
2021-07-09,0.09582710107675213,0.0945945405309534
2021-07-12,0.09670060790526672,0.0961070846751121
2021-07-13,0.09749992320521685,0.0960893399730995
2021-07-14,0.09799628780434264,0.0966930311359625
2021-07-15,0.09854829119789935,0.0987210628975655
2021-07-16,0.10090143426575533,0.1144249224126182
2021-07-19,0.11837508884924156,0.1140799302849453
2021-07-20,0.11521959425982216,0.1082315874186736
2021-07-21,0.10721553230305814,0.1074683327435711
2021-07-22,0.10473260048653338,0.1111179994350981
2021-07-23,0.1101565355759856,0.1102371592340343
2021-07-26,0.11375253663450904,0.1121022169144064
2021-07-27,0.11740402740312338,0.112140922727543
2021-07-28,0.1135319427858775,0.1125584728954151
2021-07-29,0.11407521901998398,0.1148533814140788
2021-07-30,0.11882204340971873,0.1142478302372484
2021-08-02,0.11688906278162746,0.1147673238028646
2021-08-03,0.11578659761753958,0.116190494495175
2021-08-04,0.11809946906757372,0.1172424936244235
2021-08-05,0.11745132248146514,0.1169559145148775
2021-08-06,0.11834087526450707,0.112344591068623
2021-08-09,0.11242762783416207,0.1065413382193275
2021-08-10,0.10672148449668034,0.1061211197855576
2021-08-11,0.10577959727516272,0.1057203226262648
2021-08-12,0.10642112064998645,0.1057419717745507
2021-08-13,0.10633859258761404,0.1047878430297073
2021-08-16,0.10654501481124687,0.1043141421235463
2021-08-17,0.10728870280892139,0.095085951347295
2021-08-18,0.09526913799386891,0.0820469283044729
2021-08-19,0.08548382129162432,0.0819407085151276
2021-08-20,0.08165725792134709,0.0858721973410153
2021-08-23,0.08550143025472476,0.0798461433411789
2021-08-24,0.08018616807489475,0.0798086679733171
2021-08-25,0.08054972013783301,0.0808130651429505
2021-08-26,0.08171641240690199,0.0851961908856972
2021-08-27,0.08462171233623776,0.0852403417381663
2021-08-30,0.08357332053501458,0.0825669860450464
2021-08-31,0.08186994407753917,0.0819017098116746
2021-09-01,0.08112533075532648,0.0785292987728597
2021-09-02,0.0782984831217939,0.076026195287597
2021-09-03,0.07683076703274207,0.0743255968244906
2021-09-06,0.07577580430944773,0.0758076561369893
2021-09-07,0.07684626444379931,0.0759257149106553
2021-09-08,0.07839243437155978,0.0781232176737577
2021-09-09,0.08000242681137114,0.0829770441756121
2021-09-10,0.08487649844324785,0.0821417839535141
2021-09-13,0.0838113523303378,0.0842585305576777
2021-09-14,0.08643921213995766,0.0888190563445592
2021-09-15,0.08907900733695787,0.0854237304637528
2021-09-16,0.08662151052244393,0.0830010903924048
2021-09-17,0.08407164103823324,0.1017494048787188
2021-09-20,0.10488428259416464,0.0970654020705663
2021-09-21,0.09638568623525412,0.0982614083413258
2021-09-22,0.09788370312899186,0.1073840331382335
2021-09-23,0.10673883120409253,0.1071946197678519
2021-09-24,0.10854930444113406,0.1058261286554884
2021-09-27,0.10631160135984713,0.1212156586672005
2021-09-28,0.12417164440129069,0.1199655569296644
2021-09-29,0.12022244133500992,0.1248553534333641
2021-09-30,0.1267917951208254,0.132958169619873
2021-10-01,0.13428457147282166,0.1372600789207506
2021-10-04,0.1416553001198318,0.1439500635099688
2021-10-05,0.14287235302914872,0.1452738709058039
2021-10-06,0.14474282236071997,0.149005453847696
2021-10-07,0.14708435289565056,0.1490236045798947
2021-10-08,0.14744918341142166,0.149835629000259
2021-10-11,0.14942049225624432,0.1481817300402469
2021-10-12,0.14797506312852574,0.1484070856972491
2021-10-13,0.14686175611961455,0.1592749395646623
2021-10-14,0.15658979682289392,0.1586670151969496
2021-10-15,0.15731825486647708,0.1589984067656325
2021-10-18,0.15744513087341927,0.1572463179977583
2021-10-19,0.15475719020959303,0.1438547632382222
2021-10-20,0.14014876597004494,0.1435938504488131
2021-10-21,0.1426384357720045,0.1414238967141071
2021-10-22,0.13971460314770456,0.1369734880398322
2021-10-25,0.13430791559148944,0.1369874833340245
2021-10-26,0.1350340235979552,0.1379985129287568
2021-10-27,0.1377571810150713,0.1175157974982348
2021-10-28,0.11496264095450828,0.1174875803655208
2021-10-29,0.11658929387410419,0.1057877761424368
2021-11-01,0.10481069168018001,0.1016573890580511
2021-11-02,0.09848060944048845,0.0853098670964622
2021-11-03,0.08206680172166896,0.0818667212851571
2021-11-04,0.07910931301055467,0.0818370343901622
2021-11-05,0.07964913105101798,0.0803182958032624
2021-11-08,0.07920302199211668,0.0816585189296294
2021-11-09,0.08269255937487906,0.0837440664199605
2021-11-10,0.08510176714485931,0.0820739863641341
2021-11-11,0.08052349865966665,0.0832838696621784
2021-11-12,0.08290837857206375,0.0681763082987422
2021-11-15,0.06814309556291606,0.0660747812950697
2021-11-16,0.06381765304874659,0.0679549775501042
2021-11-17,0.06788250555035877,0.0654740681128967
2021-11-18,0.06678800288450126,0.0660083926384201
2021-11-19,0.06660611504105594,0.0677393329725181
2021-11-22,0.06883808190628452,0.0672142624743032
2021-11-23,0.06828496151067087,0.0662757347446686
2021-11-24,0.0657966843535622,0.0663986472594928
2021-11-25,0.06592939954248382,0.1039261080512146
2021-11-26,0.11316410951479347,0.1080556856068039
2021-11-29,0.11006032416039896,0.1267999738435548
2021-11-30,0.13338183192839104,0.1323160943772668
2021-12-01,0.13470762210069837,0.1411416945783508
2021-12-02,0.13946615031462078,0.1413370613915886
2021-12-03,0.14420034255992806,0.1469208912151832
2021-12-06,0.14642212515428624,0.1632648968819862
2021-12-07,0.1626747135677674,0.1635931733581312
2021-12-08,0.16257108223444447,0.1650172867770617
2021-12-09,0.16729852617479274,0.1655219318299521
2021-12-10,0.164827638245006,0.1688230966142078
2021-12-13,0.16990932490151153,0.1688327291507201
2021-12-14,0.1696041869421102,0.1780498831411944
2021-12-15,0.1756007535897363,0.1801135871751869
2021-12-16,0.18280907967879123,0.183172037418801
2021-12-17,0.18433201892153128,0.1860984865920869
2021-12-20,0.18944147723758345,0.1968480842864871
2021-12-21,0.19495173007688774,0.1997796485474957
2021-12-22,0.19849707407897887,0.2007865767501809
2021-12-23,0.1995163543732559,0.2006689264933754
2021-12-24,0.1989523236446523,0.2058017937190182
2021-12-27,0.2030514716496261,0.1879072154251176
2021-12-28,0.1833671162151973,0.183620662500906
2021-12-29,0.1794571914230757,0.1696183145236018
2021-12-30,0.16504392206440094,0.163260020857111
2021-12-31,0.15945041624718184,0.1586901091761003
